<?xml version="1.0" encoding="utf-8"?>
<ModelInformation Version="0.9">
  <Model>
    <P Name="SavedCharacterEncoding"></P>
    <GraphicalInterface>
      <P Name="NumRootInports">0</P>
      <P Name="NumRootOutports">0</P>
      <P Name="ParameterArgumentNames"></P>
      <P Name="ComputedModelVersion">1.0</P>
      <P Name="NumModelReferences">0</P>
      <P Name="NumTestPointedSignals">0</P>
    </GraphicalInterface>
    <P Name="SaveDefaultBlockParams">on</P>
    <P Name="ScopeRefreshTime">0.035000</P>
    <P Name="OverrideScopeRefreshTime">on</P>
    <P Name="DisableAllScopes">off</P>
    <P Name="DataTypeOverride">UseLocalSettings</P>
    <P Name="DataTypeOverrideAppliesTo">AllNumericTypes</P>
    <P Name="MinMaxOverflowLogging">UseLocalSettings</P>
    <P Name="MinMaxOverflowArchiveMode">Overwrite</P>
    <P Name="FPTRunName">Run 1</P>
    <P Name="MaxMDLFileLineLength">120</P>
    <Object PropName="BdWindowsInfo" ObjectID="1" ClassName="Simulink.BDWindowsInfo">
      <Object PropName="WindowsInfo" ObjectID="2" ClassName="Simulink.WindowInfo">
	<P Name="IsActive" Class="logical">1</P>
	<P Name="Location" Class="double">[116.0, 42.0, 816.0, 539.0]</P>
	<Object PropName="ModelBrowserInfo" ObjectID="3" ClassName="Simulink.ModelBrowserInfo">
	  <P Name="Visible" Class="logical">0</P>
	  <P Name="DockPosition" Class="char">Left</P>
	  <P Name="Width" Class="int32">50</P>
	  <P Name="Height" Class="int32">50</P>
	  <P Name="Filter" Class="int32">8</P>
	</Object>
	<Object PropName="ExplorerBarInfo" ObjectID="4" ClassName="Simulink.ExplorerBarInfo">
	  <P Name="Visible" Class="logical">1</P>
	</Object>
	<Object PropName="EditorsInfo" ObjectID="5" ClassName="Simulink.EditorInfo">
	  <P Name="IsActive" Class="logical">1</P>
	  <P Name="ViewObjType" Class="char">SimulinkSubsys</P>
	  <P Name="LoadSaveID" Class="char">5</P>
	  <P Name="Extents" Class="double">[766.0, 364.0]</P>
	  <P Name="ZoomFactor" Class="double">1.0</P>
	  <P Name="Offset" Class="double">[-2.5, 0.0]</P>
	</Object>
      </Object>
    </Object>
    <ConfigManagerSettings>
      <P Name="UpdateHistory">UpdateHistoryNever</P>
      <P Name="ModifiedByFormat">%&lt;Auto&gt;</P>
      <P Name="ModifiedDateFormat">%&lt;Auto&gt;</P>
      <P Name="RTWModifiedTimeStamp">435949077</P>
      <P Name="ModelVersionFormat">1.%&lt;AutoIncrement: 0 &gt;</P>
    </ConfigManagerSettings>
    <EditorSettings>
      <P Name="SampleTimeColors">off</P>
      <P Name="SampleTimeAnnotations">off</P>
      <P Name="LibraryLinkDisplay">disabled</P>
      <P Name="WideLines">off</P>
      <P Name="ShowLineDimensions">off</P>
      <P Name="ShowPortDataTypes">off</P>
      <P Name="ShowDesignRanges">off</P>
      <P Name="ShowLoopsOnError">on</P>
      <P Name="IgnoreBidirectionalLines">off</P>
      <P Name="ShowStorageClass">off</P>
      <P Name="ShowTestPointIcons">on</P>
      <P Name="ShowSignalResolutionIcons">on</P>
      <P Name="ShowViewerIcons">on</P>
      <P Name="SortedOrder">off</P>
      <P Name="ExecutionContextIcon">off</P>
      <P Name="ShowLinearizationAnnotations">on</P>
      <P Name="BlockNameDataTip">off</P>
      <P Name="BlockParametersDataTip">off</P>
      <P Name="BlockDescriptionStringDataTip">off</P>
      <P Name="ToolBar">on</P>
      <P Name="StatusBar">on</P>
      <P Name="BrowserShowLibraryLinks">off</P>
      <P Name="BrowserLookUnderMasks">off</P>
    </EditorSettings>
    <SimulationSettings>
      <P Name="SimulationMode">normal</P>
      <P Name="PauseTimes">5</P>
      <P Name="NumberOfSteps">1</P>
      <P Name="SnapshotBufferSize">10</P>
      <P Name="SnapshotInterval">10</P>
      <P Name="NumberOfLastSnapshots">0</P>
      <P Name="LinearizationMsg">none</P>
      <P Name="Profile">off</P>
      <P Name="ParamWorkspaceSource">MATLABWorkspace</P>
      <P Name="AccelSystemTargetFile">accel.tlc</P>
      <P Name="AccelTemplateMakefile">accel_default_tmf</P>
      <P Name="AccelMakeCommand">make_rtw</P>
      <P Name="TryForcingSFcnDF">off</P>
      <Object PropName="DataLoggingOverride" ObjectID="6" ClassName="Simulink.SimulationData.ModelLoggingInfo">
	<P Name="model_" Class="char">freedom</P>
	<P Name="overrideMode_" Class="uint32">0U</P>
	<Array PropName="logAsSpecifiedByModels_" Type="Cell" Dimension="1*1">
	  <Cell Class="char">freedom</Cell>
	</Array>
	<Array PropName="logAsSpecifiedByModelsSSIDs_" Type="Cell" Dimension="1*1">
	  <Cell Class="double">[]</Cell>
	</Array>
      </Object>
    </SimulationSettings>
    <Verification>
      <P Name="RecordCoverage">off</P>
      <P Name="CovPath">/</P>
      <P Name="CovSaveName">covdata</P>
      <P Name="CovMetricSettings">dw</P>
      <P Name="CovNameIncrementing">off</P>
      <P Name="CovHtmlReporting">on</P>
      <P Name="CovForceBlockReductionOff">on</P>
      <P Name="CovEnableCumulative">on</P>
      <P Name="covSaveCumulativeToWorkspaceVar">on</P>
      <P Name="CovSaveSingleToWorkspaceVar">on</P>
      <P Name="CovCumulativeVarName">covCumulativeData</P>
      <P Name="CovCumulativeReport">off</P>
      <P Name="CovReportOnPause">on</P>
      <P Name="CovModelRefEnable">Off</P>
      <P Name="CovExternalEMLEnable">off</P>
      <P Name="CovSFcnEnable">off</P>
      <P Name="CovBoundaryAbsTol">0.000010</P>
      <P Name="CovBoundaryRelTol">0.010000</P>
    </Verification>
    <ExternalMode>
      <P Name="ExtModeBatchMode">off</P>
      <P Name="ExtModeEnableFloating">on</P>
      <P Name="ExtModeTrigType">manual</P>
      <P Name="ExtModeTrigMode">normal</P>
      <P Name="ExtModeTrigPort">1</P>
      <P Name="ExtModeTrigElement">any</P>
      <P Name="ExtModeTrigDuration">1000</P>
      <P Name="ExtModeTrigDurationFloating">auto</P>
      <P Name="ExtModeTrigHoldOff">0</P>
      <P Name="ExtModeTrigDelay">0</P>
      <P Name="ExtModeTrigDirection">rising</P>
      <P Name="ExtModeTrigLevel">0</P>
      <P Name="ExtModeArchiveMode">off</P>
      <P Name="ExtModeAutoIncOneShot">off</P>
      <P Name="ExtModeIncDirWhenArm">off</P>
      <P Name="ExtModeAddSuffixToVar">off</P>
      <P Name="ExtModeWriteAllDataToWs">off</P>
      <P Name="ExtModeArmWhenConnect">on</P>
      <P Name="ExtModeSkipDownloadWhenConnect">off</P>
      <P Name="ExtModeLogAll">on</P>
      <P Name="ExtModeAutoUpdateStatusClock">on</P>
    </ExternalMode>
    <EngineSettings>
      <P Name="BufferReuse">on</P>
    </EngineSettings>
    <ModelReferenceSettings>
      <P Name="ShowModelReferenceBlockVersion">off</P>
      <P Name="ShowModelReferenceBlockIO">off</P>
    </ModelReferenceSettings>
    <ConfigurationSet>
      <Array PropName="ConfigurationSets" Type="Handle" Dimension="1*1">
	<Object ObjectID="7" Version="1.14.2" ClassName="Simulink.ConfigSet">
	  <Array PropName="Components" Type="Handle" Dimension="1*10">
	    <Object ObjectID="8" Version="1.14.2" ClassName="Simulink.SolverCC">
	      <P Name="StartTime">0.0</P>
	      <P Name="StopTime">10.0</P>
	      <P Name="AbsTol">auto</P>
	      <P Name="FixedStep">auto</P>
	      <P Name="InitialStep">auto</P>
	      <P Name="MaxNumMinSteps">-1</P>
	      <P Name="MaxOrder">5</P>
	      <P Name="ZcThreshold">auto</P>
	      <P Name="ConsecutiveZCsStepRelTol">10*128*eps</P>
	      <P Name="MaxConsecutiveZCs">1000</P>
	      <P Name="ExtrapolationOrder">4</P>
	      <P Name="NumberNewtonIterations">1</P>
	      <P Name="MaxStep">auto</P>
	      <P Name="MinStep">auto</P>
	      <P Name="MaxConsecutiveMinStep">1</P>
	      <P Name="RelTol">1e-3</P>
	      <P Name="SolverMode">Auto</P>
	      <P Name="EnableConcurrentExecution">off</P>
	      <P Name="ConcurrentTasks">off</P>
	      <P Name="Solver">ode45</P>
	      <P Name="SolverName">ode45</P>
	      <P Name="SolverJacobianMethodControl">auto</P>
	      <P Name="ShapePreserveControl">DisableAll</P>
	      <P Name="ZeroCrossControl">UseLocalSettings</P>
	      <P Name="ZeroCrossAlgorithm">Nonadaptive</P>
	      <P Name="AlgebraicLoopSolver">TrustRegion</P>
	      <P Name="SolverResetMethod">Fast</P>
	      <P Name="PositivePriorityOrder">off</P>
	      <P Name="AutoInsertRateTranBlk">off</P>
	      <P Name="SampleTimeConstraint">Unconstrained</P>
	      <P Name="InsertRTBMode">Whenever possible</P>
	    </Object>
	    <Object ObjectID="9" Version="1.14.2" ClassName="Simulink.DataIOCC">
	      <P Name="Decimation">1</P>
	      <P Name="ExternalInput">[t, u]</P>
	      <P Name="FinalStateName">xFinal</P>
	      <P Name="InitialState">xInitial</P>
	      <P Name="LimitDataPoints">on</P>
	      <P Name="MaxDataPoints">1000</P>
	      <P Name="LoadExternalInput">off</P>
	      <P Name="LoadInitialState">off</P>
	      <P Name="SaveFinalState">off</P>
	      <P Name="SaveCompleteFinalSimState">off</P>
	      <P Name="SaveFormat">Array</P>
	      <P Name="SignalLoggingSaveFormat">Dataset</P>
	      <P Name="SaveOutput">on</P>
	      <P Name="SaveState">off</P>
	      <P Name="SignalLogging">on</P>
	      <P Name="DSMLogging">on</P>
	      <P Name="InspectSignalLogs">off</P>
	      <P Name="VisualizeSimOutput">on</P>
	      <P Name="SaveTime">on</P>
	      <P Name="ReturnWorkspaceOutputs">off</P>
	      <P Name="StateSaveName">xout</P>
	      <P Name="TimeSaveName">tout</P>
	      <P Name="OutputSaveName">yout</P>
	      <P Name="SignalLoggingName">logsout</P>
	      <P Name="DSMLoggingName">dsmout</P>
	      <P Name="OutputOption">RefineOutputTimes</P>
	      <P Name="OutputTimes">[]</P>
	      <P Name="ReturnWorkspaceOutputsName">out</P>
	      <P Name="Refine">1</P>
	    </Object>
	    <Object ObjectID="10" Version="1.14.2" ClassName="Simulink.OptimizationCC">
	      <Array PropName="DisabledProps" Type="Cell" Dimension="1*8">
		<Cell Class="char">BooleansAsBitfields</Cell>
		<Cell Class="char">PassReuseOutputArgsAs</Cell>
		<Cell Class="char">PassReuseOutputArgsThreshold</Cell>
		<Cell Class="char">ZeroExternalMemoryAtStartup</Cell>
		<Cell Class="char">ZeroInternalMemoryAtStartup</Cell>
		<Cell Class="char">OptimizeModelRefInitCode</Cell>
		<Cell Class="char">NoFixptDivByZeroProtection</Cell>
		<Cell Class="char">UseSpecifiedMinMax</Cell>
	      </Array>
	      <P Name="BlockReduction">on</P>
	      <P Name="BooleanDataType">on</P>
	      <P Name="ConditionallyExecuteInputs">on</P>
	      <P Name="InlineParams">off</P>
	      <P Name="UseIntDivNetSlope">off</P>
	      <P Name="UseFloatMulNetSlope">off</P>
	      <P Name="DefaultUnderspecifiedDataType">double</P>
	      <P Name="UseSpecifiedMinMax">off</P>
	      <P Name="InlineInvariantSignals">off</P>
	      <P Name="OptimizeBlockIOStorage">on</P>
	      <P Name="BufferReuse">on</P>
	      <P Name="EnhancedBackFolding">off</P>
	      <P Name="CachingGlobalReferences">off</P>
	      <P Name="GlobalBufferReuse">on</P>
	      <P Name="StrengthReduction">off</P>
	      <P Name="ExpressionFolding">on</P>
	      <P Name="BooleansAsBitfields">off</P>
	      <P Name="BitfieldContainerType">uint_T</P>
	      <P Name="EnableMemcpy">on</P>
	      <P Name="MemcpyThreshold">64</P>
	      <P Name="PassReuseOutputArgsAs">Structure reference</P>
	      <P Name="ExpressionDepthLimit">128</P>
	      <P Name="FoldNonRolledExpr">on</P>
	      <P Name="LocalBlockOutputs">on</P>
	      <P Name="RollThreshold">5</P>
	      <P Name="SystemCodeInlineAuto">off</P>
	      <P Name="StateBitsets">off</P>
	      <P Name="DataBitsets">off</P>
	      <P Name="ActiveStateOutputEnumStorageType">Native Integer</P>
	      <P Name="UseTempVars">off</P>
	      <P Name="ZeroExternalMemoryAtStartup">on</P>
	      <P Name="ZeroInternalMemoryAtStartup">on</P>
	      <P Name="InitFltsAndDblsToZero">off</P>
	      <P Name="NoFixptDivByZeroProtection">off</P>
	      <P Name="EfficientFloat2IntCast">off</P>
	      <P Name="EfficientMapNaN2IntZero">on</P>
	      <P Name="OptimizeModelRefInitCode">off</P>
	      <P Name="LifeSpan">inf</P>
	      <P Name="MaxStackSize">Inherit from target</P>
	      <P Name="BufferReusableBoundary">on</P>
	      <P Name="SimCompilerOptimization">Off</P>
	      <P Name="AccelVerboseBuild">off</P>
	      <P Name="ParallelExecutionInRapidAccelerator">on</P>
	    </Object>
	    <Object ObjectID="11" Version="1.14.2" ClassName="Simulink.DebuggingCC">
	      <P Name="RTPrefix">error</P>
	      <P Name="ConsistencyChecking">none</P>
	      <P Name="ArrayBoundsChecking">none</P>
	      <P Name="SignalInfNanChecking">none</P>
	      <P Name="SignalRangeChecking">none</P>
	      <P Name="ReadBeforeWriteMsg">UseLocalSettings</P>
	      <P Name="WriteAfterWriteMsg">UseLocalSettings</P>
	      <P Name="WriteAfterReadMsg">UseLocalSettings</P>
	      <P Name="AlgebraicLoopMsg">warning</P>
	      <P Name="ArtificialAlgebraicLoopMsg">warning</P>
	      <P Name="SaveWithDisabledLinksMsg">warning</P>
	      <P Name="SaveWithParameterizedLinksMsg">warning</P>
	      <P Name="CheckSSInitialOutputMsg">on</P>
	      <P Name="UnderspecifiedInitializationDetection">Simplified</P>
	      <P Name="MergeDetectMultiDrivingBlocksExec">none</P>
	      <P Name="CheckExecutionContextPreStartOutputMsg">off</P>
	      <P Name="CheckExecutionContextRuntimeOutputMsg">off</P>
	      <P Name="SignalResolutionControl">UseLocalSettings</P>
	      <P Name="BlockPriorityViolationMsg">warning</P>
	      <P Name="MinStepSizeMsg">warning</P>
	      <P Name="TimeAdjustmentMsg">none</P>
	      <P Name="MaxConsecutiveZCsMsg">error</P>
	      <P Name="MaskedZcDiagnostic">warning</P>
	      <P Name="IgnoredZcDiagnostic">warning</P>
	      <P Name="SolverPrmCheckMsg">warning</P>
	      <P Name="InheritedTsInSrcMsg">warning</P>
	      <P Name="DiscreteInheritContinuousMsg">warning</P>
	      <P Name="MultiTaskDSMMsg">error</P>
	      <P Name="MultiTaskCondExecSysMsg">error</P>
	      <P Name="MultiTaskRateTransMsg">error</P>
	      <P Name="SingleTaskRateTransMsg">none</P>
	      <P Name="TasksWithSamePriorityMsg">warning</P>
	      <P Name="SigSpecEnsureSampleTimeMsg">warning</P>
	      <P Name="CheckMatrixSingularityMsg">none</P>
	      <P Name="IntegerOverflowMsg">warning</P>
	      <P Name="Int32ToFloatConvMsg">warning</P>
	      <P Name="ParameterDowncastMsg">error</P>
	      <P Name="ParameterOverflowMsg">error</P>
	      <P Name="ParameterUnderflowMsg">none</P>
	      <P Name="ParameterPrecisionLossMsg">warning</P>
	      <P Name="ParameterTunabilityLossMsg">warning</P>
	      <P Name="FixptConstUnderflowMsg">none</P>
	      <P Name="FixptConstOverflowMsg">none</P>
	      <P Name="FixptConstPrecisionLossMsg">none</P>
	      <P Name="UnderSpecifiedDataTypeMsg">none</P>
	      <P Name="UnnecessaryDatatypeConvMsg">none</P>
	      <P Name="VectorMatrixConversionMsg">none</P>
	      <P Name="InvalidFcnCallConnMsg">error</P>
	      <P Name="FcnCallInpInsideContextMsg">EnableAllAsError</P>
	      <P Name="SignalLabelMismatchMsg">none</P>
	      <P Name="UnconnectedInputMsg">warning</P>
	      <P Name="UnconnectedOutputMsg">warning</P>
	      <P Name="UnconnectedLineMsg">warning</P>
	      <P Name="SFcnCompatibilityMsg">none</P>
	      <P Name="FrameProcessingCompatibilityMsg">warning</P>
	      <P Name="UniqueDataStoreMsg">none</P>
	      <P Name="BusObjectLabelMismatch">warning</P>
	      <P Name="RootOutportRequireBusObject">warning</P>
	      <P Name="AssertControl">UseLocalSettings</P>
	      <P Name="EnableOverflowDetection">off</P>
	      <P Name="ModelReferenceIOMsg">none</P>
	      <P Name="ModelReferenceMultiInstanceNormalModeStructChecksumCheck">error</P>
	      <P Name="ModelReferenceVersionMismatchMessage">none</P>
	      <P Name="ModelReferenceIOMismatchMessage">none</P>
	      <P Name="ModelReferenceCSMismatchMessage">none</P>
	      <P Name="UnknownTsInhSupMsg">warning</P>
	      <P Name="ModelReferenceDataLoggingMessage">warning</P>
	      <P Name="ModelReferenceSymbolNameMessage">warning</P>
	      <P Name="ModelReferenceExtraNoncontSigs">error</P>
	      <P Name="StateNameClashWarn">none</P>
	      <P Name="SimStateInterfaceChecksumMismatchMsg">warning</P>
	      <P Name="SimStateOlderReleaseMsg">error</P>
	      <P Name="InitInArrayFormatMsg">warning</P>
	      <P Name="StrictBusMsg">ErrorLevel1</P>
	      <P Name="BusNameAdapt">WarnAndRepair</P>
	      <P Name="NonBusSignalsTreatedAsBus">none</P>
	      <P Name="LoggingUnavailableSignals">error</P>
	      <P Name="BlockIODiagnostic">none</P>
	      <P Name="SFUnusedDataAndEventsDiag">warning</P>
	      <P Name="SFUnexpectedBacktrackingDiag">warning</P>
	      <P Name="SFInvalidInputDataAccessInChartInitDiag">warning</P>
	      <P Name="SFNoUnconditionalDefaultTransitionDiag">warning</P>
	      <P Name="SFTransitionOutsideNaturalParentDiag">warning</P>
	      <P Name="SFUnconditionalTransitionShadowingDiag">warning</P>
	      <P Name="SFUndirectedBroadcastEventsDiag">warning</P>
	      <P Name="SFTransitionActionBeforeConditionDiag">warning</P>
	    </Object>
	    <Object ObjectID="12" Version="1.14.2" ClassName="Simulink.HardwareCC">
	      <P Name="ProdBitPerChar">8</P>
	      <P Name="ProdBitPerShort">16</P>
	      <P Name="ProdBitPerInt">32</P>
	      <P Name="ProdBitPerLong">32</P>
	      <P Name="ProdBitPerLongLong">64</P>
	      <P Name="ProdBitPerFloat">32</P>
	      <P Name="ProdBitPerDouble">64</P>
	      <P Name="ProdBitPerPointer">32</P>
	      <P Name="ProdLargestAtomicInteger">Char</P>
	      <P Name="ProdLargestAtomicFloat">None</P>
	      <P Name="ProdIntDivRoundTo">Undefined</P>
	      <P Name="ProdEndianess">Unspecified</P>
	      <P Name="ProdWordSize">32</P>
	      <P Name="ProdShiftRightIntArith">on</P>
	      <P Name="ProdLongLongMode">off</P>
	      <P Name="ProdHWDeviceType">32-bit Generic</P>
	      <P Name="TargetBitPerChar">8</P>
	      <P Name="TargetBitPerShort">16</P>
	      <P Name="TargetBitPerInt">32</P>
	      <P Name="TargetBitPerLong">32</P>
	      <P Name="TargetBitPerLongLong">64</P>
	      <P Name="TargetBitPerFloat">32</P>
	      <P Name="TargetBitPerDouble">64</P>
	      <P Name="TargetBitPerPointer">32</P>
	      <P Name="TargetLargestAtomicInteger">Char</P>
	      <P Name="TargetLargestAtomicFloat">None</P>
	      <P Name="TargetShiftRightIntArith">on</P>
	      <P Name="TargetLongLongMode">off</P>
	      <P Name="TargetIntDivRoundTo">Undefined</P>
	      <P Name="TargetEndianess">Unspecified</P>
	      <P Name="TargetWordSize">32</P>
	      <P Name="TargetTypeEmulationWarnSuppressLevel">0</P>
	      <P Name="TargetPreprocMaxBitsSint">32</P>
	      <P Name="TargetPreprocMaxBitsUint">32</P>
	      <P Name="TargetHWDeviceType">Specified</P>
	      <P Name="TargetUnknown">off</P>
	      <P Name="ProdEqTarget">on</P>
	    </Object>
	    <Object ObjectID="13" Version="1.14.2" ClassName="Simulink.ModelReferenceCC">
	      <P Name="UpdateModelReferenceTargets">IfOutOfDateOrStructuralChange</P>
	      <P Name="CheckModelReferenceTargetMessage">error</P>
	      <P Name="EnableParallelModelReferenceBuilds">off</P>
	      <P Name="ParallelModelReferenceErrorOnInvalidPool">on</P>
	      <P Name="ParallelModelReferenceMATLABWorkerInit">None</P>
	      <P Name="ModelReferenceNumInstancesAllowed">Multi</P>
	      <P Name="PropagateVarSize">Infer from blocks in model</P>
	      <P Name="ModelReferencePassRootInputsByReference">on</P>
	      <P Name="ModelReferenceMinAlgLoopOccurrences">off</P>
	      <P Name="PropagateSignalLabelsOutOfModel">off</P>
	      <P Name="SupportModelReferenceSimTargetCustomCode">off</P>
	    </Object>
	    <Object ObjectID="14" Version="1.14.2" ClassName="Simulink.SFSimCC">
	      <P Name="SFSimEnableDebug">on</P>
	      <P Name="SFSimOverflowDetection">on</P>
	      <P Name="SFSimEcho">on</P>
	      <P Name="SimBlas">on</P>
	      <P Name="SimCtrlC">on</P>
	      <P Name="SimExtrinsic">on</P>
	      <P Name="SimIntegrity">on</P>
	      <P Name="SimUseLocalCustomCode">off</P>
	      <P Name="SimParseCustomCode">on</P>
	      <P Name="SimBuildMode">sf_incremental_build</P>
	      <P Name="SimGenImportedTypeDefs">off</P>
	    </Object>
	    <Object BackupClass="Simulink.RTWCC" ObjectID="15" Version="1.14.2" ClassName="Simulink.RTWCC">
	      <Array PropName="DisabledProps" Type="Cell" Dimension="1*15">
		<Cell Class="char">IncludeHyperlinkInReport</Cell>
		<Cell Class="char">GenerateTraceInfo</Cell>
		<Cell Class="char">GenerateTraceReport</Cell>
		<Cell Class="char">GenerateTraceReportSl</Cell>
		<Cell Class="char">GenerateTraceReportSf</Cell>
		<Cell Class="char">GenerateTraceReportEml</Cell>
		<Cell Class="char">PortableWordSizes</Cell>
		<Cell Class="char">GenerateWebview</Cell>
		<Cell Class="char">GenerateCodeMetricsReport</Cell>
		<Cell Class="char">GenerateCodeReplacementReport</Cell>
		<Cell Class="char">GenerateErtSFunction</Cell>
		<Cell Class="char">CreateSILPILBlock</Cell>
		<Cell Class="char">CodeExecutionProfiling</Cell>
		<Cell Class="char">CodeProfilingSaveOptions</Cell>
		<Cell Class="char">CodeProfilingInstrumentation</Cell>
	      </Array>
	      <P Name="SystemTargetFile">grt.tlc</P>
	      <P Name="TLCOptions"></P>
	      <P Name="GenCodeOnly">off</P>
	      <P Name="MakeCommand">make_rtw</P>
	      <P Name="GenerateMakefile">on</P>
	      <P Name="PackageGeneratedCodeAndArtifacts">off</P>
	      <P Name="PackageName"></P>
	      <P Name="TemplateMakefile">grt_default_tmf</P>
	      <P Name="PostCodeGenCommand"></P>
	      <P Name="Description"></P>
	      <P Name="GenerateReport">off</P>
	      <P Name="SaveLog">off</P>
	      <P Name="RTWVerbose">on</P>
	      <P Name="RetainRTWFile">off</P>
	      <P Name="ProfileTLC">off</P>
	      <P Name="TLCDebug">off</P>
	      <P Name="TLCCoverage">off</P>
	      <P Name="TLCAssert">off</P>
	      <P Name="ProcessScriptMode">Default</P>
	      <P Name="ConfigurationMode">Optimized</P>
	      <P Name="ProcessScript"></P>
	      <P Name="ConfigurationScript"></P>
	      <P Name="ConfigAtBuild">off</P>
	      <P Name="RTWUseLocalCustomCode">off</P>
	      <P Name="RTWUseSimCustomCode">off</P>
	      <P Name="CustomSourceCode"></P>
	      <P Name="CustomHeaderCode"></P>
	      <P Name="CustomInclude"></P>
	      <P Name="CustomSource"></P>
	      <P Name="CustomLibrary"></P>
	      <P Name="CustomInitializer"></P>
	      <P Name="CustomTerminator"></P>
	      <P Name="Toolchain">Automatically locate an installed toolchain</P>
	      <P Name="BuildConfiguration">Faster Builds</P>
	      <P Name="IncludeHyperlinkInReport">off</P>
	      <P Name="LaunchReport">off</P>
	      <P Name="PortableWordSizes">off</P>
	      <P Name="CreateSILPILBlock">None</P>
	      <P Name="CodeExecutionProfiling">off</P>
	      <P Name="CodeExecutionProfileVariable">executionProfile</P>
	      <P Name="CodeProfilingSaveOptions">SummaryOnly</P>
	      <P Name="CodeProfilingInstrumentation">off</P>
	      <P Name="SILDebugging">off</P>
	      <P Name="TargetLang">C</P>
	      <P Name="IncludeBusHierarchyInRTWFileBlockHierarchyMap">off</P>
	      <P Name="IncludeERTFirstTime">off</P>
	      <P Name="GenerateTraceInfo">off</P>
	      <P Name="GenerateTraceReport">off</P>
	      <P Name="GenerateTraceReportSl">off</P>
	      <P Name="GenerateTraceReportSf">off</P>
	      <P Name="GenerateTraceReportEml">off</P>
	      <P Name="GenerateCodeInfo">off</P>
	      <P Name="GenerateWebview">off</P>
	      <P Name="GenerateCodeMetricsReport">off</P>
	      <P Name="GenerateCodeReplacementReport">off</P>
	      <P Name="RTWCompilerOptimization">Off</P>
	      <P Name="RTWCustomCompilerOptimizations"></P>
	      <P Name="CheckMdlBeforeBuild">Off</P>
	      <P Name="CustomRebuildMode">OnUpdate</P>
	      <P Name="DataInitializer"></P>
	      <P Name="SharedConstantsCachingThreshold">1024</P>
	      <Array PropName="Components" Type="Handle" Dimension="1*2">
		<Object ObjectID="16" Version="1.14.2" ClassName="Simulink.CodeAppCC">
		  <Array PropName="DisabledProps" Type="Cell" Dimension="1*23">
		    <Cell Class="char">IgnoreCustomStorageClasses</Cell>
		    <Cell Class="char">IgnoreTestpoints</Cell>
		    <Cell Class="char">InsertBlockDesc</Cell>
		    <Cell Class="char">InsertPolySpaceComments</Cell>
		    <Cell Class="char">SFDataObjDesc</Cell>
		    <Cell Class="char">MATLABFcnDesc</Cell>
		    <Cell Class="char">SimulinkDataObjDesc</Cell>
		    <Cell Class="char">DefineNamingRule</Cell>
		    <Cell Class="char">SignalNamingRule</Cell>
		    <Cell Class="char">ParamNamingRule</Cell>
		    <Cell Class="char">InternalIdentifier</Cell>
		    <Cell Class="char">InlinedPrmAccess</Cell>
		    <Cell Class="char">CustomSymbolStr</Cell>
		    <Cell Class="char">CustomSymbolStrGlobalVar</Cell>
		    <Cell Class="char">CustomSymbolStrType</Cell>
		    <Cell Class="char">CustomSymbolStrField</Cell>
		    <Cell Class="char">CustomSymbolStrFcn</Cell>
		    <Cell Class="char">CustomSymbolStrFcnArg</Cell>
		    <Cell Class="char">CustomSymbolStrBlkIO</Cell>
		    <Cell Class="char">CustomSymbolStrTmpVar</Cell>
		    <Cell Class="char">CustomSymbolStrMacro</Cell>
		    <Cell Class="char">CustomSymbolStrUtil</Cell>
		    <Cell Class="char">ReqsInCode</Cell>
		  </Array>
		  <P Name="ForceParamTrailComments">off</P>
		  <P Name="GenerateComments">on</P>
		  <P Name="CommentStyle">Auto</P>
		  <P Name="IgnoreCustomStorageClasses">on</P>
		  <P Name="IgnoreTestpoints">off</P>
		  <P Name="IncHierarchyInIds">off</P>
		  <P Name="MaxIdLength">31</P>
		  <P Name="PreserveName">off</P>
		  <P Name="PreserveNameWithParent">off</P>
		  <P Name="ShowEliminatedStatement">off</P>
		  <P Name="OperatorAnnotations">off</P>
		  <P Name="IncAutoGenComments">off</P>
		  <P Name="SimulinkDataObjDesc">off</P>
		  <P Name="SFDataObjDesc">off</P>
		  <P Name="MATLABFcnDesc">off</P>
		  <P Name="IncDataTypeInIds">off</P>
		  <P Name="MangleLength">1</P>
		  <P Name="CustomSymbolStrGlobalVar">$R$N$M</P>
		  <P Name="CustomSymbolStrType">$N$R$M_T</P>
		  <P Name="CustomSymbolStrField">$N$M</P>
		  <P Name="CustomSymbolStrFcn">$R$N$M$F</P>
		  <P Name="CustomSymbolStrFcnArg">rt$I$N$M</P>
		  <P Name="CustomSymbolStrBlkIO">rtb_$N$M</P>
		  <P Name="CustomSymbolStrTmpVar">$N$M</P>
		  <P Name="CustomSymbolStrMacro">$R$N$M</P>
		  <P Name="CustomSymbolStrUtil">$N$C</P>
		  <P Name="DefineNamingRule">None</P>
		  <P Name="ParamNamingRule">None</P>
		  <P Name="SignalNamingRule">None</P>
		  <P Name="InsertBlockDesc">off</P>
		  <P Name="InsertPolySpaceComments">off</P>
		  <P Name="SimulinkBlockComments">on</P>
		  <P Name="MATLABSourceComments">off</P>
		  <P Name="EnableCustomComments">off</P>
		  <P Name="InternalIdentifier">Shortened</P>
		  <P Name="InlinedPrmAccess">Literals</P>
		  <P Name="ReqsInCode">off</P>
		  <P Name="UseSimReservedNames">off</P>
		</Object>
		<Object BackupClass="Simulink.TargetCC" ObjectID="17" Version="1.14.2" ClassName="Simulink.GRTTargetCC">
		  <Array PropName="DisabledProps" Type="Cell" Dimension="1*14">
		    <Cell Class="char">GeneratePreprocessorConditionals</Cell>
		    <Cell Class="char">IncludeMdlTerminateFcn</Cell>
		    <Cell Class="char">CombineOutputUpdateFcns</Cell>
		    <Cell Class="char">SuppressErrorStatus</Cell>
		    <Cell Class="char">ERTCustomFileBanners</Cell>
		    <Cell Class="char">GenerateSampleERTMain</Cell>
		    <Cell Class="char">GenerateTestInterfaces</Cell>
		    <Cell Class="char">ModelStepFunctionPrototypeControlCompliant</Cell>
		    <Cell Class="char">GenerateAllocFcn</Cell>
		    <Cell Class="char">PurelyIntegerCode</Cell>
		    <Cell Class="char">SupportComplex</Cell>
		    <Cell Class="char">SupportAbsoluteTime</Cell>
		    <Cell Class="char">SupportContinuousTime</Cell>
		    <Cell Class="char">SupportNonInlinedSFcns</Cell>
		  </Array>
		  <P Name="TargetFcnLib">ansi_tfl_table_tmw.mat</P>
		  <P Name="TargetLibSuffix"></P>
		  <P Name="TargetPreCompLibLocation"></P>
		  <P Name="GenFloatMathFcnCalls">NOT IN USE</P>
		  <P Name="TargetLangStandard">C89/C90 (ANSI)</P>
		  <P Name="CodeReplacementLibrary">None</P>
		  <P Name="UtilityFuncGeneration">Auto</P>
		  <P Name="ERTMultiwordTypeDef">System defined</P>
		  <P Name="ERTMultiwordLength">256</P>
		  <P Name="MultiwordLength">2048</P>
		  <P Name="GenerateFullHeader">on</P>
		  <P Name="GenerateSampleERTMain">off</P>
		  <P Name="GenerateTestInterfaces">off</P>
		  <P Name="ModelReferenceCompliant">on</P>
		  <P Name="ParMdlRefBuildCompliant">on</P>
		  <P Name="CompOptLevelCompliant">on</P>
		  <P Name="ConcurrentExecutionCompliant">on</P>
		  <P Name="IncludeMdlTerminateFcn">on</P>
		  <P Name="GeneratePreprocessorConditionals">Disable all</P>
		  <P Name="CombineOutputUpdateFcns">on</P>
		  <P Name="CombineSignalStateStructs">off</P>
		  <P Name="SuppressErrorStatus">off</P>
		  <P Name="ERTFirstTimeCompliant">off</P>
		  <P Name="IncludeFileDelimiter">Auto</P>
		  <P Name="ERTCustomFileBanners">off</P>
		  <P Name="SupportAbsoluteTime">on</P>
		  <P Name="LogVarNameModifier">rt_</P>
		  <P Name="MatFileLogging">on</P>
		  <P Name="MultiInstanceERTCode">off</P>
		  <P Name="CodeInterfacePackaging">Nonreusable function</P>
		  <P Name="SupportNonFinite">on</P>
		  <P Name="SupportComplex">on</P>
		  <P Name="PurelyIntegerCode">off</P>
		  <P Name="SupportContinuousTime">on</P>
		  <P Name="SupportNonInlinedSFcns">on</P>
		  <P Name="SupportVariableSizeSignals">off</P>
		  <P Name="EnableShiftOperators">on</P>
		  <P Name="ParenthesesLevel">Nominal</P>
		  <P Name="MATLABClassNameForMDSCustomization">Simulink.SoftwareTarget.GRTCustomization</P>
		  <P Name="ModelStepFunctionPrototypeControlCompliant">off</P>
		  <P Name="CPPClassGenCompliant">on</P>
		  <P Name="AutosarCompliant">off</P>
		  <P Name="GRTInterface">off</P>
		  <P Name="GenerateAllocFcn">off</P>
		  <P Name="UseMalloc">off</P>
		  <P Name="ExtMode">off</P>
		  <P Name="ExtModeStaticAlloc">off</P>
		  <P Name="ExtModeTesting">off</P>
		  <P Name="ExtModeStaticAllocSize">1000000</P>
		  <P Name="ExtModeTransport">0</P>
		  <P Name="ExtModeMexFile">ext_comm</P>
		  <P Name="ExtModeIntrfLevel">Level1</P>
		  <P Name="RTWCAPISignals">off</P>
		  <P Name="RTWCAPIParams">off</P>
		  <P Name="RTWCAPIStates">off</P>
		  <P Name="RTWCAPIRootIO">off</P>
		  <P Name="GenerateASAP2">off</P>
		  <P Name="MultiInstanceErrorCode">Error</P>
		</Object>
	      </Array>
	    </Object>
	    <Object ObjectID="18" Version="1.14.2" ClassName="hdlcoderui.hdlcc">
	      <P Name="Description">HDL Coder custom configuration component</P>
	      <P Name="Name">HDL Coder</P>
	      <Array PropName="HDLConfigFile" Type="Cell" Dimension="1*1">
		<Cell Class="char"> </Cell>
	      </Array>
	      <P Name="HDLCActiveTab">0</P>
	    </Object>
	    <Object ObjectID="19" Version="1.0" ClassName="SSC.SimscapeCC">
	      <Array PropName="DisabledProps" Type="Cell" Dimension="1*1">
		<Cell Class="char">Name</Cell>
	      </Array>
	      <Array PropName="Components" Type="Handle" Dimension="1*2">
		<Object ObjectID="20" Version="1.14.2" ClassName="MECH.SimMechanicsCC">
		  <P Name="Name">SimMechanics</P>
		  <P Name="WarnOnRedundantConstraints">on</P>
		  <P Name="WarnOnSingularInitialAssembly">off</P>
		  <P Name="ShowCutJoints">off</P>
		  <P Name="VisOnUpdateDiagram">off</P>
		  <P Name="VisDuringSimulation">off</P>
		  <P Name="EnableVisSimulationTime">on</P>
		  <P Name="VisSampleTime">0</P>
		  <P Name="DisableBodyVisControl">off</P>
		  <P Name="ShowCG">on</P>
		  <P Name="ShowCS">on</P>
		  <P Name="ShowOnlyPortCS">off</P>
		  <P Name="HighlightModel">on</P>
		  <P Name="FramesToBeSkipped">0</P>
		  <P Name="AnimationDelay">3</P>
		  <P Name="RecordAVI">off</P>
		  <P Name="CompressAVI">on</P>
		  <P Name="AutoFitVis">off</P>
		  <P Name="EnableSelection">on</P>
		  <P Name="LastVizWinPosition">[-1 -1 -1 -1]</P>
		  <P Name="CamPosition">[0 0 0]</P>
		  <P Name="CamTarget">[0 0 -1]</P>
		  <P Name="CamUpVector">[0 1 0]</P>
		  <P Name="CamHeight">-1</P>
		  <P Name="CamViewAngle">0</P>
		  <P Name="VisBackgroundColor">[0.9 0.9 0.95]</P>
		  <P Name="DefaultBodyColor">[1 0 0]</P>
		  <P Name="MDLBodyVisualizationType">Convex hull from body CS locations</P>
		  <P Name="OVRRIDBodyVisualizationType">NONE</P>
		</Object>
		<Object ObjectID="21" Version="1.14.2" ClassName="simmechanics.ConfigurationSet">
		  <P Name="Description">SimMechanics 2G</P>
		  <Array PropName="Components" Type="Handle" Dimension="1*2">
		    <Object ObjectID="22" Version="1.14.2" ClassName="simmechanics.DiagnosticsConfigSet">
		    <P Name="Description">Diagnostics</P>
		    <P Name="Name">DiagnosticsConfigSet</P>
		    <P Name="SimMechanicsInvalidVisualProperty">warning</P>
		    <P Name="SimMechanicsCrossSectionNullEdge">warning</P>
		    <P Name="SimMechanicsUnconnectedFramePorts">warning</P>
		    <P Name="SimMechanicsRedundantBlock">warning</P>
		    <P Name="SimMechanicsConflictingReferenceFrames">warning</P>
		    <P Name="SimMechanicsRigidlyBoundBlock">error</P>
		    <P Name="SimMechanicsUnsatisfiedHighPriorityTargets">warning</P>
		    <P Name="SimMechanicsJointTargetOverSpecification">error</P>
		    </Object>
		    <Object ObjectID="23" Version="1.14.2" ClassName="simmechanics.ExplorerConfigSet">
		    <P Name="Description">Explorer</P>
		    <P Name="Name">ExplorerConfigSet</P>
		    <P Name="SimMechanicsOpenEditorOnUpdate">on</P>
		    </Object>
		  </Array>
		  <P Name="Name">SimMechanics2G</P>
		</Object>
	      </Array>
	      <P Name="Name">Simscape</P>
	      <P Name="EditingMode">Full</P>
	      <P Name="ExplicitSolverDiagnosticOptions">warning</P>
	      <P Name="GlobalZcOffDiagnosticOptions">warning</P>
	      <P Name="SimscapeLogType">none</P>
	      <P Name="SimscapeLogSimulationStatistics">off</P>
	      <P Name="SimscapeLogName">simlog</P>
	      <P Name="SimscapeLogDecimation">1</P>
	      <P Name="SimscapeLogLimitData">on</P>
	      <P Name="SimscapeLogDataHistory">5000</P>
	    </Object>
	  </Array>
	  <P Name="Name">Configuration</P>
	  <P Name="CurrentDlgPage">Solver</P>
	  <P Name="ConfigPrmDlgPosition"> [ 143, 64, 1223, 704 ] </P>
	</Object>
      </Array>
      <Object Reference="true" PropName="ActiveConfigurationSet" ObjectID="7" ClassName="Simulink.ConfigSet">
      </Object>
    </ConfigurationSet>
    <ConcurrentExecutionSettings>
      <Object PropName="DataTransfer" ObjectID="24" ClassName="Simulink.GlobalDataTransfer">
	<P Name="DefaultTransitionBetweenSyncTasks" Class="char">Ensure deterministic transfer (maximum delay)</P>
	<P Name="DefaultTransitionBetweenAsyncTasks" Class="char">Ensure data integrity only</P>
	<P Name="DefaultTransitionBetweenContTasks" Class="char">Ensure deterministic transfer (minimum delay)</P>
	<P Name="DefaultExtrapolationMethodBetweenContTasks" Class="char">None</P>
	<P Name="AutoInsertRateTranBlk" Class="logical">0</P>
      </Object>
      <P Name="ExplicitPartitioning">off</P>
    </ConcurrentExecutionSettings>
    <SystemDefaults>
      <P Name="PaperOrientation">landscape</P>
      <P Name="PaperPositionMode">auto</P>
      <P Name="PaperType">usletter</P>
      <P Name="PaperUnits">inches</P>
      <P Name="TiledPaperMargins">[0.500000, 0.500000, 0.500000, 0.500000]</P>
      <P Name="TiledPageScale">1</P>
      <P Name="ShowPageBoundaries">off</P>
      <P Name="ModelBrowserVisibility">off</P>
      <P Name="ModelBrowserWidth">200</P>
      <P Name="ScreenColor">white</P>
    </SystemDefaults>
    <BlockDefaults>
      <P Name="ForegroundColor">black</P>
      <P Name="BackgroundColor">white</P>
      <P Name="DropShadow">off</P>
      <P Name="NamePlacement">normal</P>
      <P Name="FontName">Helvetica</P>
      <P Name="FontSize">10</P>
      <P Name="FontWeight">normal</P>
      <P Name="FontAngle">normal</P>
      <P Name="ShowName">on</P>
      <P Name="BlockRotation">0</P>
      <P Name="BlockMirror">off</P>
    </BlockDefaults>
    <AnnotationDefaults>
      <P Name="HorizontalAlignment">center</P>
      <P Name="VerticalAlignment">middle</P>
      <P Name="ForegroundColor">black</P>
      <P Name="BackgroundColor">white</P>
      <P Name="DropShadow">off</P>
      <P Name="FontName">Helvetica</P>
      <P Name="FontSize">10</P>
      <P Name="FontWeight">normal</P>
      <P Name="FontAngle">normal</P>
      <P Name="UseDisplayTextAsClickCallback">off</P>
    </AnnotationDefaults>
    <LineDefaults>
      <P Name="FontName">Helvetica</P>
      <P Name="FontSize">9</P>
      <P Name="FontWeight">normal</P>
      <P Name="FontAngle">normal</P>
    </LineDefaults>
    <MaskDefaults>
      <P Name="SelfModifiable">off</P>
      <P Name="IconFrame">on</P>
      <P Name="IconOpaque">on</P>
      <P Name="RunInitForIconRedraw">off</P>
      <P Name="IconRotate">none</P>
      <P Name="PortRotate">default</P>
      <P Name="IconUnits">autoscale</P>
    </MaskDefaults>
    <MaskParameterDefaults>
      <P Name="Evaluate">on</P>
      <P Name="Tunable">on</P>
      <P Name="NeverSave">off</P>
      <P Name="Internal">off</P>
      <P Name="ReadOnly">off</P>
      <P Name="Enabled">on</P>
      <P Name="Visible">on</P>
      <P Name="ToolTip">on</P>
    </MaskParameterDefaults>
    <BlockParameterDefaults>
      <Block BlockType="PMIOPort">
      </Block>
      <Block BlockType="SubSystem">
	<P Name="ShowPortLabels">FromPortIcon</P>
	<P Name="Permissions">ReadWrite</P>
	<P Name="PermitHierarchicalResolution">All</P>
	<P Name="TreatAsAtomicUnit">off</P>
	<P Name="MinAlgLoopOccurrences">off</P>
	<P Name="PropExecContextOutsideSubsystem">off</P>
	<P Name="CheckFcnCallInpInsideContextMsg">off</P>
	<P Name="SystemSampleTime">-1</P>
	<P Name="RTWSystemCode">Auto</P>
	<P Name="RTWFcnNameOpts">Auto</P>
	<P Name="RTWFileNameOpts">Auto</P>
	<P Name="FunctionInterfaceSpec">void_void</P>
	<P Name="FunctionWithSeparateData">off</P>
	<P Name="RTWMemSecFuncInitTerm">Inherit from model</P>
	<P Name="RTWMemSecFuncExecute">Inherit from model</P>
	<P Name="RTWMemSecDataConstants">Inherit from model</P>
	<P Name="RTWMemSecDataInternal">Inherit from model</P>
	<P Name="RTWMemSecDataParameters">Inherit from model</P>
	<P Name="SimViewingDevice">off</P>
	<P Name="DataTypeOverride">UseLocalSettings</P>
	<P Name="DataTypeOverrideAppliesTo">AllNumericTypes</P>
	<P Name="MinMaxOverflowLogging">UseLocalSettings</P>
	<P Name="Opaque">off</P>
	<P Name="MaskHideContents">off</P>
	<P Name="SFBlockType">NONE</P>
	<P Name="Variant">off</P>
	<P Name="GeneratePreprocessorConditionals">off</P>
	<P Name="ContentPreviewEnabled">off</P>
      </Block>
    </BlockParameterDefaults>
    <System>
      <P Name="Location">[116, 42, 932, 581]</P>
      <P Name="Open">off</P>
      <P Name="ModelBrowserWidth">200</P>
      <P Name="TiledPaperMargins">[0.500000, 0.500000, 0.500000, 0.500000]</P>
      <P Name="TiledPageScale">1</P>
      <P Name="ZoomFactor">100</P>
      <P Name="ReportName">simulink-default.rpt</P>
      <P Name="SIDHighWatermark">45</P>
      <Block BlockType="Reference" Name="MechanismConfiguration" SID="1">
	<P Name="Ports">[0, 0, 0, 0, 0, 0, 1]</P>
	<P Name="Position">[30, 130, 70, 170]</P>
	<P Name="ZOrder">2</P>
	<P Name="ShowName">off</P>
	<P Name="LibraryVersion">1</P>
	<P Name="SourceBlock">sm_lib/Utilities/Mechanism
Configuration</P>
	<P Name="SourceType">Mechanism
Configuration</P>
	<P Name="ClassName">MechanismConfiguration</P>
	<P Name="UniformGravity">Constant</P>
	<P Name="GravityVector">[0 -9.81 0]</P>
	<P Name="GravityUnits">m/s^2</P>
	<P Name="LinearizationDelta">0.001</P>
	<P Name="BlockFunction">simmechanics.library.utilities.mechanism_configuration</P>
      </Block>
      <Block BlockType="Reference" Name="PS Constant" SID="35">
	<P Name="Ports">[0, 0, 0, 0, 0, 0, 1]</P>
	<P Name="Position">[285, 160, 315, 190]</P>
	<P Name="ZOrder">17</P>
	<P Name="LibraryVersion">8.31</P>
	<P Name="SourceBlock">fl_lib/Physical Signals/Sources/PS Constant</P>
	<P Name="SourceType">PS Constant</P>
	<P Name="SourceFile">foundation.physical_signal.sources.constant</P>
	<P Name="ComponentPath">foundation.physical_signal.sources.constant</P>
	<P Name="ComponentVariants">foundation.physical_signal.sources.constant</P>
	<P Name="ComponentVariantNames">constant</P>
	<P Name="ClassName">constant</P>
	<P Name="SchemaVersion">1</P>
	<P Name="constant">1</P>
	<P Name="constant_unit">1</P>
      </Block>
      <Block BlockType="Reference" Name="Revolute" SID="2">
	<P Name="Ports">[0, 0, 0, 0, 0, 2, 1]</P>
	<P Name="Position">[375, 85, 415, 125]</P>
	<P Name="ZOrder">11</P>
	<P Name="LibraryVersion">1</P>
	<P Name="SourceBlock">sm_lib/Joints/Revolute Joint</P>
	<P Name="SourceType">Revolute Joint</P>
	<P Name="ClassName">RevoluteJoint</P>
	<P Name="SenseConstraintForce">off</P>
	<P Name="SenseConstraintForceX">off</P>
	<P Name="SenseConstraintForceY">off</P>
	<P Name="SenseConstraintForceZ">off</P>
	<P Name="SenseConstraintTorque">off</P>
	<P Name="SenseConstraintTorqueX">off</P>
	<P Name="SenseConstraintTorqueY">off</P>
	<P Name="SenseConstraintTorqueZ">off</P>
	<P Name="SenseTotalForce">off</P>
	<P Name="SenseTotalForceX">off</P>
	<P Name="SenseTotalForceY">off</P>
	<P Name="SenseTotalForceZ">off</P>
	<P Name="SenseTotalTorque">off</P>
	<P Name="SenseTotalTorqueX">off</P>
	<P Name="SenseTotalTorqueY">off</P>
	<P Name="SenseTotalTorqueZ">off</P>
	<P Name="CompositeWrenchDir">FollowerOnBase</P>
	<P Name="CompositeWrenchFrame">BaseFrame</P>
	<P Name="EquilibriumPosition">0</P>
	<P Name="EquilibriumPositionUnits">rad</P>
	<P Name="SpringStiffness">0</P>
	<P Name="SpringStiffnessUnits">m*N/rad</P>
	<P Name="DampingCoefficient">0</P>
	<P Name="DampingCoefficientUnits">m*s*N/rad</P>
	<P Name="TorqueActuationMode">InputTorque</P>
	<P Name="MotionActuationMode">ComputedMotion</P>
	<P Name="SensePosition">off</P>
	<P Name="SenseVelocity">off</P>
	<P Name="SenseAcceleration">off</P>
	<P Name="SenseTorqueForce">off</P>
	<P Name="PositionTargetValue">24.161959237705638</P>
	<P Name="PositionTargetValueUnits">deg</P>
	<P Name="PositionTargetSpecify">on</P>
	<P Name="PositionTargetPriority">Low</P>
	<P Name="VelocityTargetValue">0</P>
	<P Name="VelocityTargetValueUnits">deg/s</P>
	<P Name="VelocityTargetSpecify">off</P>
	<P Name="VelocityTargetPriority">High</P>
	<P Name="BlockFunction">simmechanics.library.joints.revolute_joint</P>
      </Block>
      <Block BlockType="Reference" Name="Solver&#xA;Configuration" SID="34">
	<P Name="Ports">[0, 0, 0, 0, 0, 0, 1]</P>
	<P Name="Position">[30, 200, 70, 240]</P>
	<P Name="ZOrder">16</P>
	<P Name="ShowName">off</P>
	<P Name="LibraryVersion">1.1</P>
	<P Name="SourceBlock">nesl_utility/Solver
Configuration</P>
	<P Name="SourceType">Solver
Configuration</P>
	<P Name="ContentPreviewEnabled">off</P>
	<P Name="PhysicalDomain">network_engine_domain</P>
	<P Name="SubClassName">solver</P>
	<P Name="LeftPortType">input</P>
	<P Name="RightPortType">generic</P>
	<P Name="Accelerate">off</P>
	<P Name="Tones">[]</P>
	<P Name="Harmonics">[]</P>
	<P Name="SimulateNoise">off</P>
	<P Name="Profile">off</P>
	<P Name="UseLocalSampling">off</P>
	<P Name="EnableSwitchedLinearOptims">on</P>
	<P Name="FrequencyDomain">off</P>
	<P Name="UseCCode">off</P>
	<P Name="RelTol">0.001</P>
	<P Name="AbsTol">1e-06</P>
	<P Name="MinStep">1e-09</P>
	<P Name="ToWorkspace">off</P>
	<P Name="DoDC">off</P>
	<P Name="ResidualTolerance">1e-09</P>
	<P Name="UseLocalSolver">off</P>
	<P Name="LocalSolverChoice">NE_BACKWARD_EULER_ADVANCER</P>
	<P Name="LocalSolverSampleTime">0.001</P>
	<P Name="DoFixedCost">off</P>
	<P Name="MaxNonlinIter">3</P>
	<P Name="MaxModeIter">2</P>
	<P Name="LinearAlgebra">Sparse</P>
	<P Name="DelaysMemoryBudget">1024</P>
	<P Name="AutomaticFiltering">on</P>
	<P Name="FilteringTimeConstant">0.001</P>
      </Block>
      <Block BlockType="Reference" Name="Transform" SID="3">
	<P Name="Ports">[0, 0, 0, 0, 0, 1, 1]</P>
	<P Name="Position">[130, 80, 170, 120]</P>
	<P Name="ZOrder">12</P>
	<P Name="LibraryVersion">1</P>
	<P Name="SourceBlock">sm_lib/Frames and
Transforms/Rigid
Transform</P>
	<P Name="SourceType">Rigid
Transform</P>
	<P Name="ClassName">RigidTransform</P>
	<P Name="TranslationMethod">Cartesian</P>
	<P Name="TranslationLengthUnit">mm</P>
	<P Name="TranslationStandardAxis">+Z</P>
	<P Name="TranslationStandardOffset">0</P>
	<P Name="TranslationCartesianOffset">[100.13781505900002 65.291214003497274 156.29762461098682]</P>
	<P Name="TranslationROffset">0</P>
	<P Name="TranslationROffsetUnits">m</P>
	<P Name="TranslationZOffset">0</P>
	<P Name="TranslationZOffsetUnits">m</P>
	<P Name="TranslationThetaOffset">0</P>
	<P Name="TranslationThetaOffsetUnits">deg</P>
	<P Name="RotationMethod">ArbitraryAxis</P>
	<P Name="RotationAngleUnits">rad</P>
	<P Name="RotationStandardAxis">+Z</P>
	<P Name="RotationAngle">3.1415926535897687</P>
	<P Name="RotationArbitraryAxis">[-4.9377002621644526e-15 -0.70710678118655124 0.7071067811865438]</P>
	<P Name="FollAlignAxisA">+X</P>
	<P Name="BaseAlignAxisA">+Y</P>
	<P Name="FollAlignAxisB">+Y</P>
	<P Name="BaseAlignAxisB">+Z</P>
	<P Name="BlockFunction">simmechanics.library.frames_transforms.rigid_transform</P>
      </Block>
      <Block BlockType="Reference" Name="World" SID="4">
	<P Name="Ports">[0, 0, 0, 0, 0, 0, 1]</P>
	<P Name="Position">[30, 30, 70, 70]</P>
	<P Name="ZOrder">13</P>
	<P Name="LibraryVersion">1</P>
	<P Name="SourceBlock">sm_lib/Frames and
Transforms/World Frame</P>
	<P Name="SourceType">World Frame</P>
	<P Name="ClassName">WorldFrame</P>
	<P Name="BlockFunction">simmechanics.library.frames_transforms.world_frame</P>
      </Block>
      <Block BlockType="SubSystem" Name="bodysymfree_1_RIGID" SID="5">
	<P Name="Ports">[0, 0, 0, 0, 0, 1, 1]</P>
	<P Name="Position">[245, 80, 285, 120]</P>
	<P Name="ZOrder">14</P>
	<P Name="RequestExecContextInheritance">off</P>
	<Object PropName="MaskObject" ObjectID="25" ClassName="Simulink.Mask">
	</Object>
	<System>
	  <P Name="Location">[116, 42, 932, 581]</P>
	  <P Name="Open">on</P>
	  <P Name="ModelBrowserWidth">200</P>
	  <P Name="TiledPaperMargins">[0.500000, 0.500000, 0.500000, 0.500000]</P>
	  <P Name="TiledPageScale">1</P>
	  <P Name="ZoomFactor">100</P>
	  <Block BlockType="Reference" Name="PS Constant" SID="45">
	    <P Name="Ports">[0, 0, 0, 0, 0, 0, 1]</P>
	    <P Name="Position">[300, 125, 330, 155]</P>
	    <P Name="ZOrder">19</P>
	    <P Name="LibraryVersion">8.31</P>
	    <P Name="SourceBlock">fl_lib/Physical Signals/Sources/PS Constant</P>
	    <P Name="SourceType">PS Constant</P>
	    <P Name="SourceFile">foundation.physical_signal.sources.constant</P>
	    <P Name="ComponentPath">foundation.physical_signal.sources.constant</P>
	    <P Name="ComponentVariants">foundation.physical_signal.sources.constant</P>
	    <P Name="ComponentVariantNames">constant</P>
	    <P Name="ClassName">constant</P>
	    <P Name="SchemaVersion">1</P>
	    <P Name="constant">1</P>
	    <P Name="constant_unit">1</P>
	  </Block>
	  <Block BlockType="Reference" Name="ReferenceFrame" SID="7">
	    <P Name="Ports">[0, 0, 0, 0, 0, 0, 1]</P>
	    <P Name="Position">[30, 110, 70, 150]</P>
	    <P Name="ZOrder">2</P>
	    <P Name="LibraryVersion">1</P>
	    <P Name="SourceBlock">sm_lib/Frames and
Transforms/Reference
Frame</P>
	    <P Name="SourceType">Reference
Frame</P>
	    <P Name="ClassName">ReferenceFrame</P>
	    <P Name="BlockFunction">simmechanics.library.frames_transforms.reference_frame</P>
	  </Block>
	  <Block BlockType="Reference" Name="Revolute Joint" SID="44">
	    <P Name="Ports">[0, 0, 0, 0, 0, 2, 1]</P>
	    <P Name="Position">[425, 110, 465, 150]</P>
	    <P Name="ZOrder">18</P>
	    <P Name="LibraryVersion">1</P>
	    <P Name="SourceBlock">sm_lib/Joints/Revolute Joint</P>
	    <P Name="SourceType">Revolute Joint</P>
	    <P Name="ClassName">RevoluteJoint</P>
	    <P Name="SenseConstraintForce">off</P>
	    <P Name="SenseConstraintForceX">off</P>
	    <P Name="SenseConstraintForceY">off</P>
	    <P Name="SenseConstraintForceZ">off</P>
	    <P Name="SenseConstraintTorque">off</P>
	    <P Name="SenseConstraintTorqueX">off</P>
	    <P Name="SenseConstraintTorqueY">off</P>
	    <P Name="SenseConstraintTorqueZ">off</P>
	    <P Name="SenseTotalForce">off</P>
	    <P Name="SenseTotalForceX">off</P>
	    <P Name="SenseTotalForceY">off</P>
	    <P Name="SenseTotalForceZ">off</P>
	    <P Name="SenseTotalTorque">off</P>
	    <P Name="SenseTotalTorqueX">off</P>
	    <P Name="SenseTotalTorqueY">off</P>
	    <P Name="SenseTotalTorqueZ">off</P>
	    <P Name="CompositeWrenchDir">FollowerOnBase</P>
	    <P Name="CompositeWrenchFrame">BaseFrame</P>
	    <P Name="EquilibriumPosition">0</P>
	    <P Name="EquilibriumPositionUnits">deg</P>
	    <P Name="SpringStiffness">0</P>
	    <P Name="SpringStiffnessUnits">N*m/deg</P>
	    <P Name="DampingCoefficient">0</P>
	    <P Name="DampingCoefficientUnits">N*m/(deg/s)</P>
	    <P Name="TorqueActuationMode">InputTorque</P>
	    <P Name="MotionActuationMode">ComputedMotion</P>
	    <P Name="SensePosition">off</P>
	    <P Name="SenseVelocity">off</P>
	    <P Name="SenseAcceleration">off</P>
	    <P Name="SenseTorqueForce">off</P>
	    <P Name="PositionTargetValue">0</P>
	    <P Name="PositionTargetValueUnits">deg</P>
	    <P Name="PositionTargetSpecify">off</P>
	    <P Name="PositionTargetPriority">High</P>
	    <P Name="VelocityTargetValue">0</P>
	    <P Name="VelocityTargetValueUnits">deg/s</P>
	    <P Name="VelocityTargetSpecify">off</P>
	    <P Name="VelocityTargetPriority">High</P>
	    <P Name="BlockFunction">simmechanics.library.joints.revolute_joint</P>
	  </Block>
	  <Block BlockType="Reference" Name="Transform" SID="8">
	    <P Name="Ports">[0, 0, 0, 0, 0, 1, 1]</P>
	    <P Name="Position">[210, 230, 250, 270]</P>
	    <P Name="ZOrder">3</P>
	    <P Name="LibraryVersion">1</P>
	    <P Name="SourceBlock">sm_lib/Frames and
Transforms/Rigid
Transform</P>
	    <P Name="SourceType">Rigid
Transform</P>
	    <P Name="ClassName">RigidTransform</P>
	    <P Name="TranslationMethod">Cartesian</P>
	    <P Name="TranslationLengthUnit">mm</P>
	    <P Name="TranslationStandardAxis">+Z</P>
	    <P Name="TranslationStandardOffset">0</P>
	    <P Name="TranslationCartesianOffset">[64.345369978014801 80.432865034631803 -15.780922410610339]</P>
	    <P Name="TranslationROffset">0</P>
	    <P Name="TranslationROffsetUnits">m</P>
	    <P Name="TranslationZOffset">0</P>
	    <P Name="TranslationZOffsetUnits">m</P>
	    <P Name="TranslationThetaOffset">0</P>
	    <P Name="TranslationThetaOffsetUnits">deg</P>
	    <P Name="RotationMethod">ArbitraryAxis</P>
	    <P Name="RotationAngleUnits">rad</P>
	    <P Name="RotationStandardAxis">+Z</P>
	    <P Name="RotationAngle">2.0943951023931953</P>
	    <P Name="RotationArbitraryAxis">[0.57735026918962584 -0.57735026918962584 0.57735026918962584]</P>
	    <P Name="FollAlignAxisA">+X</P>
	    <P Name="BaseAlignAxisA">+Y</P>
	    <P Name="FollAlignAxisB">+Y</P>
	    <P Name="BaseAlignAxisB">+Z</P>
	    <P Name="BlockFunction">simmechanics.library.frames_transforms.rigid_transform</P>
	  </Block>
	  <Block BlockType="Reference" Name="Transform1" SID="9">
	    <P Name="Ports">[0, 0, 0, 0, 0, 1, 1]</P>
	    <P Name="Position">[210, 110, 250, 150]</P>
	    <P Name="ZOrder">4</P>
	    <P Name="LibraryVersion">1</P>
	    <P Name="SourceBlock">sm_lib/Frames and
Transforms/Rigid
Transform</P>
	    <P Name="SourceType">Rigid
Transform</P>
	    <P Name="ClassName">RigidTransform</P>
	    <P Name="TranslationMethod">Cartesian</P>
	    <P Name="TranslationLengthUnit">mm</P>
	    <P Name="TranslationStandardAxis">+Y</P>
	    <P Name="TranslationStandardOffset">0</P>
	    <P Name="TranslationCartesianOffset">[-8.8991983820946441 -20.086729508974777 -6.2821321720024361]</P>
	    <P Name="TranslationROffset">0</P>
	    <P Name="TranslationROffsetUnits">m</P>
	    <P Name="TranslationZOffset">0</P>
	    <P Name="TranslationZOffsetUnits">m</P>
	    <P Name="TranslationThetaOffset">0</P>
	    <P Name="TranslationThetaOffsetUnits">deg</P>
	    <P Name="RotationMethod">ArbitraryAxis</P>
	    <P Name="RotationAngleUnits">rad</P>
	    <P Name="RotationStandardAxis">+Z</P>
	    <P Name="RotationAngle">2.9922469674116923</P>
	    <P Name="RotationArbitraryAxis">[-0.70512522743085981 0.7051252274308597 0.074811946112615199]</P>
	    <P Name="FollAlignAxisA">+X</P>
	    <P Name="BaseAlignAxisA">+Y</P>
	    <P Name="FollAlignAxisB">+Y</P>
	    <P Name="BaseAlignAxisB">+Z</P>
	    <P Name="BlockFunction">simmechanics.library.frames_transforms.rigid_transform</P>
	  </Block>
	  <Block BlockType="Reference" Name="Transform2" SID="10">
	    <P Name="Ports">[0, 0, 0, 0, 0, 1, 1]</P>
	    <P Name="Position">[210, 30, 250, 70]</P>
	    <P Name="ZOrder">5</P>
	    <P Name="LibraryVersion">1</P>
	    <P Name="SourceBlock">sm_lib/Frames and
Transforms/Rigid
Transform</P>
	    <P Name="SourceType">Rigid
Transform</P>
	    <P Name="ClassName">RigidTransform</P>
	    <P Name="TranslationMethod">Cartesian</P>
	    <P Name="TranslationLengthUnit">mm</P>
	    <P Name="TranslationStandardAxis">+Z</P>
	    <P Name="TranslationStandardOffset">0</P>
	    <P Name="TranslationCartesianOffset">[9.9204497981480184 70.432865034631803 1.4803446458176439]</P>
	    <P Name="TranslationROffset">0</P>
	    <P Name="TranslationROffsetUnits">m</P>
	    <P Name="TranslationZOffset">0</P>
	    <P Name="TranslationZOffsetUnits">m</P>
	    <P Name="TranslationThetaOffset">0</P>
	    <P Name="TranslationThetaOffsetUnits">deg</P>
	    <P Name="RotationMethod">None</P>
	    <P Name="RotationAngleUnits">deg</P>
	    <P Name="RotationStandardAxis">+Z</P>
	    <P Name="RotationAngle">0</P>
	    <P Name="RotationArbitraryAxis">[0 0 1]</P>
	    <P Name="FollAlignAxisA">+X</P>
	    <P Name="BaseAlignAxisA">+Y</P>
	    <P Name="FollAlignAxisB">+Y</P>
	    <P Name="BaseAlignAxisB">+Z</P>
	    <P Name="BlockFunction">simmechanics.library.frames_transforms.rigid_transform</P>
	  </Block>
	  <Block BlockType="SubSystem" Name="mp_1_RIGID" SID="11">
	    <P Name="Ports">[0, 0, 0, 0, 0, 1]</P>
	    <P Name="Position">[510, 40, 550, 80]</P>
	    <P Name="ZOrder">6</P>
	    <P Name="RequestExecContextInheritance">off</P>
	    <Object PropName="MaskObject" ObjectID="26" ClassName="Simulink.Mask">
	    </Object>
	    <System>
	      <P Name="Location">[92, 69, 908, 608]</P>
	      <P Name="Open">off</P>
	      <P Name="ModelBrowserWidth">200</P>
	      <P Name="TiledPaperMargins">[0.500000, 0.500000, 0.500000, 0.500000]</P>
	      <P Name="TiledPageScale">1</P>
	      <P Name="ZoomFactor">100</P>
	      <Block BlockType="Reference" Name="ReferenceFrame" SID="15">
		<P Name="Ports">[0, 0, 0, 0, 0, 0, 1]</P>
		<P Name="Position">[30, 30, 70, 70]</P>
		<P Name="ZOrder">2</P>
		<P Name="LibraryVersion">1</P>
		<P Name="SourceBlock">sm_lib/Frames and
Transforms/Reference
Frame</P>
		<P Name="SourceType">Reference
Frame</P>
		<P Name="ClassName">ReferenceFrame</P>
		<P Name="BlockFunction">simmechanics.library.frames_transforms.reference_frame</P>
	      </Block>
	      <Block BlockType="Reference" Name="Solid" SID="16">
		<P Name="Ports">[0, 0, 0, 0, 0, 0, 1]</P>
		<P Name="Position">[30, 130, 70, 170]</P>
		<P Name="ZOrder">4</P>
		<P Name="LibraryVersion">1</P>
		<P Name="SourceBlock">sm_lib/Body Elements/Solid</P>
		<P Name="SourceType">Solid</P>
		<P Name="ClassName">Solid</P>
		<P Name="InertiaType">Custom</P>
		<P Name="Mass">0.0052156751439972867</P>
		<P Name="MassUnits">kg</P>
		<P Name="CenterOfMass">[3.7413214023163541 5 5.8430454618152634]</P>
		<P Name="CenterOfMassUnits">mm</P>
		<P Name="MomentsOfInertia">[0.25908160452404227 5.6413937265669452 5.4692400411095239]</P>
		<P Name="MomentsOfInertiaUnits">kg*mm^2</P>
		<P Name="ProductsOfInertia">[0 0.76909884099099046 0]</P>
		<P Name="ProductsOfInertiaUnits">kg*mm^2</P>
		<P Name="DensityBased">on</P>
		<P Name="Density">1000</P>
		<P Name="DensityUnits">kg/(m^3)</P>
		<P Name="GraphicType">FromGeometry</P>
		<P Name="MarkerShape">Sphere</P>
		<P Name="MarkerSize">10</P>
		<P Name="MarkerSizeUnits">m</P>
		<P Name="GraphicVisPropType">SimpleVisualProperties</P>
		<P Name="GraphicDiffuseColor">[0.792156862745098 0.81960784313725488 0.93333333333333335]</P>
		<P Name="GraphicSpecularColor">[0.5 0.5 0.5 1.0]</P>
		<P Name="GraphicAmbientColor">[0.15 0.15 0.15 1.0]</P>
		<P Name="GraphicEmissiveColor">[0.0 0.0 0.0 1.0]</P>
		<P Name="GraphicShininess">75</P>
		<P Name="GraphicOpacity">1</P>
		<P Name="GeometryShape">FromFile</P>
		<P Name="RectangleSize">[1 1]</P>
		<P Name="RectangleSizeUnits">m</P>
		<P Name="BrickDimensions">[1 1 1]</P>
		<P Name="BrickDimensionUnits">m</P>
		<P Name="CylinderRadius">1</P>
		<P Name="CylinderRadiusUnits">m</P>
		<P Name="CylinderLength">1</P>
		<P Name="CylinderLengthUnits">m</P>
		<P Name="SphereRadius">1</P>
		<P Name="SphereRadiusUnits">m</P>
		<P Name="EllipsoidRadii">[1 1 1]</P>
		<P Name="EllipsoidRadiiUnits">m</P>
		<P Name="ExtrusionCrossSection">[1 1; -1 1; -1 -1; 1 -1]</P>
		<P Name="ExtrusionCrossSectionUnits">m</P>
		<P Name="ExtrusionLength">1</P>
		<P Name="ExtrusionLengthUnits">m</P>
		<P Name="PolygonNumSides">3</P>
		<P Name="PolygonOuterRadius">1</P>
		<P Name="PolygonOuterRadiusUnits">m</P>
		<P Name="ExtGeomFileType">STL</P>
		<P Name="ExtGeomFileName">mp_Default_sldprt.STL</P>
		<P Name="ExtGeomFileUnits">mm</P>
		<P Name="RevolutionCrossSection">[1 1; 1 -1; 2 -1; 2 1]</P>
		<P Name="RevolutionCrossSectionUnits">m</P>
		<P Name="RevolutionExtent">Full</P>
		<P Name="RevolutionAngle">180</P>
		<P Name="RevolutionAngleUnits">deg</P>
		<P Name="BlockFunction">simmechanics.library.body_elements.solid</P>
	      </Block>
	      <Block BlockType="PMIOPort" Name="F" SID="17">
		<P Name="Position">[130, 40, 150, 60]</P>
		<P Name="ZOrder">5</P>
		<P Name="BlockMirror">on</P>
		<P Name="Port">1</P>
		<P Name="Side">Left</P>
	      </Block>
	      <Line LineType="Connection">
		<P Name="ZOrder">1</P>
		<P Name="Points">[95, 50; 0, 100; -10, 0]</P>
		<P Name="Dst">16#rconn:1</P>
		<Branch ConnectType="SRC_DEST">
		  <P Name="Src">15#rconn:1</P>
		  <P Name="Points">[10, 0]</P>
		</Branch>
		<Branch ConnectType="SRC_SRC">
		  <P Name="Dst">17#rconn:1</P>
		</Branch>
	      </Line>
	    </System>
	  </Block>
	  <Block BlockType="SubSystem" Name="plade_2_1_RIGID" SID="12">
	    <P Name="Ports">[0, 0, 0, 0, 0, 1]</P>
	    <P Name="Position">[520, 110, 560, 150]</P>
	    <P Name="ZOrder">7</P>
	    <P Name="RequestExecContextInheritance">off</P>
	    <Object PropName="MaskObject" ObjectID="27" ClassName="Simulink.Mask">
	    </Object>
	    <System>
	      <P Name="Location">[92, 69, 908, 608]</P>
	      <P Name="Open">off</P>
	      <P Name="ModelBrowserWidth">200</P>
	      <P Name="TiledPaperMargins">[0.500000, 0.500000, 0.500000, 0.500000]</P>
	      <P Name="TiledPageScale">1</P>
	      <P Name="ZoomFactor">100</P>
	      <Block BlockType="Reference" Name="ReferenceFrame" SID="18">
		<P Name="Ports">[0, 0, 0, 0, 0, 0, 1]</P>
		<P Name="Position">[30, 30, 70, 70]</P>
		<P Name="ZOrder">2</P>
		<P Name="LibraryVersion">1</P>
		<P Name="SourceBlock">sm_lib/Frames and
Transforms/Reference
Frame</P>
		<P Name="SourceType">Reference
Frame</P>
		<P Name="ClassName">ReferenceFrame</P>
		<P Name="BlockFunction">simmechanics.library.frames_transforms.reference_frame</P>
	      </Block>
	      <Block BlockType="Reference" Name="Solid" SID="19">
		<P Name="Ports">[0, 0, 0, 0, 0, 0, 1]</P>
		<P Name="Position">[30, 130, 70, 170]</P>
		<P Name="ZOrder">4</P>
		<P Name="LibraryVersion">1</P>
		<P Name="SourceBlock">sm_lib/Body Elements/Solid</P>
		<P Name="SourceType">Solid</P>
		<P Name="ClassName">Solid</P>
		<P Name="InertiaType">Custom</P>
		<P Name="Mass">0.028998566720955434</P>
		<P Name="MassUnits">kg</P>
		<P Name="CenterOfMass">[18.14790167273177 17.838333422310477 2.2449606018023887]</P>
		<P Name="CenterOfMassUnits">mm</P>
		<P Name="MomentsOfInertia">[3.3379245522627015 84.686778221319244 87.927265896429972]</P>
		<P Name="MomentsOfInertiaUnits">kg*mm^2</P>
		<P Name="ProductsOfInertia">[1.1089986207229308e-05 -3.9692061677421232e-05 3.2280971228682867]</P>
		<P Name="ProductsOfInertiaUnits">kg*mm^2</P>
		<P Name="DensityBased">on</P>
		<P Name="Density">1000</P>
		<P Name="DensityUnits">kg/(m^3)</P>
		<P Name="GraphicType">FromGeometry</P>
		<P Name="MarkerShape">Sphere</P>
		<P Name="MarkerSize">10</P>
		<P Name="MarkerSizeUnits">m</P>
		<P Name="GraphicVisPropType">SimpleVisualProperties</P>
		<P Name="GraphicDiffuseColor">[0.792156862745098 0.81960784313725488 0.93333333333333335]</P>
		<P Name="GraphicSpecularColor">[0.5 0.5 0.5 1.0]</P>
		<P Name="GraphicAmbientColor">[0.15 0.15 0.15 1.0]</P>
		<P Name="GraphicEmissiveColor">[0.0 0.0 0.0 1.0]</P>
		<P Name="GraphicShininess">75</P>
		<P Name="GraphicOpacity">1</P>
		<P Name="GeometryShape">FromFile</P>
		<P Name="RectangleSize">[1 1]</P>
		<P Name="RectangleSizeUnits">m</P>
		<P Name="BrickDimensions">[1 1 1]</P>
		<P Name="BrickDimensionUnits">m</P>
		<P Name="CylinderRadius">1</P>
		<P Name="CylinderRadiusUnits">m</P>
		<P Name="CylinderLength">1</P>
		<P Name="CylinderLengthUnits">m</P>
		<P Name="SphereRadius">1</P>
		<P Name="SphereRadiusUnits">m</P>
		<P Name="EllipsoidRadii">[1 1 1]</P>
		<P Name="EllipsoidRadiiUnits">m</P>
		<P Name="ExtrusionCrossSection">[1 1; -1 1; -1 -1; 1 -1]</P>
		<P Name="ExtrusionCrossSectionUnits">m</P>
		<P Name="ExtrusionLength">1</P>
		<P Name="ExtrusionLengthUnits">m</P>
		<P Name="PolygonNumSides">3</P>
		<P Name="PolygonOuterRadius">1</P>
		<P Name="PolygonOuterRadiusUnits">m</P>
		<P Name="ExtGeomFileType">STL</P>
		<P Name="ExtGeomFileName">plade 2_Default_sldprt.STL</P>
		<P Name="ExtGeomFileUnits">mm</P>
		<P Name="RevolutionCrossSection">[1 1; 1 -1; 2 -1; 2 1]</P>
		<P Name="RevolutionCrossSectionUnits">m</P>
		<P Name="RevolutionExtent">Full</P>
		<P Name="RevolutionAngle">180</P>
		<P Name="RevolutionAngleUnits">deg</P>
		<P Name="BlockFunction">simmechanics.library.body_elements.solid</P>
	      </Block>
	      <Block BlockType="PMIOPort" Name="F" SID="20">
		<P Name="Position">[130, 40, 150, 60]</P>
		<P Name="ZOrder">5</P>
		<P Name="BlockMirror">on</P>
		<P Name="Port">1</P>
		<P Name="Side">Left</P>
	      </Block>
	      <Line LineType="Connection">
		<P Name="ZOrder">1</P>
		<P Name="Points">[95, 50; 0, 100; -10, 0]</P>
		<P Name="Dst">19#rconn:1</P>
		<Branch ConnectType="SRC_DEST">
		  <P Name="Src">18#rconn:1</P>
		  <P Name="Points">[10, 0]</P>
		</Branch>
		<Branch ConnectType="SRC_SRC">
		  <P Name="Dst">20#rconn:1</P>
		</Branch>
	      </Line>
	    </System>
	  </Block>
	  <Block BlockType="PMIOPort" Name="F1" SID="13">
	    <P Name="Position">[130, 100, 150, 120]</P>
	    <P Name="ZOrder">8</P>
	    <P Name="BlockMirror">on</P>
	    <P Name="Port">1</P>
	    <P Name="Side">Left</P>
	  </Block>
	  <Block BlockType="PMIOPort" Name="F" SID="14">
	    <P Name="Position">[310, 240, 330, 260]</P>
	    <P Name="ZOrder">9</P>
	    <P Name="BlockMirror">on</P>
	    <P Name="Port">2</P>
	    <P Name="Side">Right</P>
	  </Block>
	  <Line LineType="Connection">
	    <P Name="ZOrder">2</P>
	    <P Name="Src">7#rconn:1</P>
	    <P Name="Points">[15, 0]</P>
	    <Branch ConnectType="DEST_SRC">
	      <P Name="Points">[90, 0]</P>
	      <Branch ConnectType="DEST_SRC">
		<P Name="Points">[0, 120]</P>
		<P Name="Dst">8#lconn:1</P>
	      </Branch>
	      <Branch ConnectType="DEST_SRC">
		<P Name="Dst">9#lconn:1</P>
	      </Branch>
	      <Branch ConnectType="DEST_SRC">
		<P Name="Points">[0, -80]</P>
		<P Name="Dst">10#lconn:1</P>
	      </Branch>
	    </Branch>
	    <Branch ConnectType="DEST_SRC">
	      <P Name="Points">[0, -20]</P>
	      <P Name="Dst">13#rconn:1</P>
	    </Branch>
	  </Line>
	  <Line LineType="Connection">
	    <P Name="ZOrder">6</P>
	    <P Name="Src">8#rconn:1</P>
	    <P Name="Dst">14#rconn:1</P>
	  </Line>
	  <Line LineType="Connection">
	    <P Name="ZOrder">8</P>
	    <P Name="Src">10#rconn:1</P>
	    <P Name="Points">[115, 0; 0, 10]</P>
	    <P Name="Dst">11#lconn:1</P>
	  </Line>
	  <Line LineType="Connection">
	    <P Name="ZOrder">33</P>
	    <P Name="Src">44#rconn:1</P>
	    <P Name="Dst">12#lconn:1</P>
	  </Line>
	  <Line LineType="Connection">
	    <P Name="ZOrder">32</P>
	    <P Name="Src">44#lconn:1</P>
	    <P Name="Points">[0, 10]</P>
	    <P Name="Dst">9#rconn:1</P>
	  </Line>
	  <Line LineType="Connection">
	    <P Name="ZOrder">34</P>
	    <P Name="Src">45#rconn:1</P>
	    <P Name="Dst">44#lconn:2</P>
	  </Line>
	</System>
      </Block>
      <Block BlockType="SubSystem" Name="motorsym_1_RIGID" SID="6">
	<P Name="Ports">[0, 0, 0, 0, 0, 1]</P>
	<P Name="Position">[525, 90, 565, 130]</P>
	<P Name="ZOrder">15</P>
	<P Name="RequestExecContextInheritance">off</P>
	<Object PropName="MaskObject" ObjectID="28" ClassName="Simulink.Mask">
	</Object>
	<System>
	  <P Name="Location">[100, 100, 600, 900]</P>
	  <P Name="Open">off</P>
	  <P Name="ModelBrowserWidth">200</P>
	  <P Name="TiledPaperMargins">[0.500000, 0.500000, 0.500000, 0.500000]</P>
	  <P Name="TiledPageScale">1</P>
	  <P Name="ZoomFactor">100</P>
	  <Block BlockType="Reference" Name="ReferenceFrame" SID="21">
	    <P Name="Ports">[0, 0, 0, 0, 0, 0, 1]</P>
	    <P Name="Position">[30, 130, 70, 170]</P>
	    <P Name="ZOrder">2</P>
	    <P Name="LibraryVersion">1</P>
	    <P Name="SourceBlock">sm_lib/Frames and
Transforms/Reference
Frame</P>
	    <P Name="SourceType">Reference
Frame</P>
	    <P Name="ClassName">ReferenceFrame</P>
	    <P Name="BlockFunction">simmechanics.library.frames_transforms.reference_frame</P>
	  </Block>
	  <Block BlockType="Reference" Name="Transform" SID="22">
	    <P Name="Ports">[0, 0, 0, 0, 0, 1, 1]</P>
	    <P Name="Position">[130, 230, 170, 270]</P>
	    <P Name="ZOrder">3</P>
	    <P Name="LibraryVersion">1</P>
	    <P Name="SourceBlock">sm_lib/Frames and
Transforms/Rigid
Transform</P>
	    <P Name="SourceType">Rigid
Transform</P>
	    <P Name="ClassName">RigidTransform</P>
	    <P Name="TranslationMethod">Cartesian</P>
	    <P Name="TranslationLengthUnit">mm</P>
	    <P Name="TranslationStandardAxis">+Z</P>
	    <P Name="TranslationStandardOffset">0</P>
	    <P Name="TranslationCartesianOffset">[54.424920179866845 10.000000000000028 -17.26126705642799]</P>
	    <P Name="TranslationROffset">0</P>
	    <P Name="TranslationROffsetUnits">m</P>
	    <P Name="TranslationZOffset">0</P>
	    <P Name="TranslationZOffsetUnits">m</P>
	    <P Name="TranslationThetaOffset">0</P>
	    <P Name="TranslationThetaOffsetUnits">deg</P>
	    <P Name="RotationMethod">ArbitraryAxis</P>
	    <P Name="RotationAngleUnits">rad</P>
	    <P Name="RotationStandardAxis">+Z</P>
	    <P Name="RotationAngle">2.0943951023931953</P>
	    <P Name="RotationArbitraryAxis">[0.57735026918962584 -0.57735026918962584 0.57735026918962584]</P>
	    <P Name="FollAlignAxisA">+X</P>
	    <P Name="BaseAlignAxisA">+Y</P>
	    <P Name="FollAlignAxisB">+Y</P>
	    <P Name="BaseAlignAxisB">+Z</P>
	    <P Name="BlockFunction">simmechanics.library.frames_transforms.rigid_transform</P>
	  </Block>
	  <Block BlockType="Reference" Name="Transform1" SID="23">
	    <P Name="Ports">[0, 0, 0, 0, 0, 1, 1]</P>
	    <P Name="Position">[130, 130, 170, 170]</P>
	    <P Name="ZOrder">4</P>
	    <P Name="LibraryVersion">1</P>
	    <P Name="SourceBlock">sm_lib/Frames and
Transforms/Rigid
Transform</P>
	    <P Name="SourceType">Rigid
Transform</P>
	    <P Name="ClassName">RigidTransform</P>
	    <P Name="TranslationMethod">Cartesian</P>
	    <P Name="TranslationLengthUnit">mm</P>
	    <P Name="TranslationStandardAxis">+Z</P>
	    <P Name="TranslationStandardOffset">0</P>
	    <P Name="TranslationCartesianOffset">[56.174936456332496 9.9999999999999947 -15.530447445737783]</P>
	    <P Name="TranslationROffset">0</P>
	    <P Name="TranslationROffsetUnits">m</P>
	    <P Name="TranslationZOffset">0</P>
	    <P Name="TranslationZOffsetUnits">m</P>
	    <P Name="TranslationThetaOffset">0</P>
	    <P Name="TranslationThetaOffsetUnits">deg</P>
	    <P Name="RotationMethod">ArbitraryAxis</P>
	    <P Name="RotationAngleUnits">rad</P>
	    <P Name="RotationStandardAxis">+Z</P>
	    <P Name="RotationAngle">1.7766566690767629</P>
	    <P Name="RotationArbitraryAxis">[0 1 0]</P>
	    <P Name="FollAlignAxisA">+X</P>
	    <P Name="BaseAlignAxisA">+Y</P>
	    <P Name="FollAlignAxisB">+Y</P>
	    <P Name="BaseAlignAxisB">+Z</P>
	    <P Name="BlockFunction">simmechanics.library.frames_transforms.rigid_transform</P>
	  </Block>
	  <Block BlockType="Reference" Name="Transform2" SID="24">
	    <P Name="Ports">[0, 0, 0, 0, 0, 1, 1]</P>
	    <P Name="Position">[130, 30, 170, 70]</P>
	    <P Name="ZOrder">5</P>
	    <P Name="LibraryVersion">1</P>
	    <P Name="SourceBlock">sm_lib/Frames and
Transforms/Rigid
Transform</P>
	    <P Name="SourceType">Rigid
Transform</P>
	    <P Name="ClassName">RigidTransform</P>
	    <P Name="TranslationMethod">Cartesian</P>
	    <P Name="TranslationLengthUnit">mm</P>
	    <P Name="TranslationStandardAxis">+Z</P>
	    <P Name="TranslationStandardOffset">0</P>
	    <P Name="TranslationCartesianOffset">[54.428311209544567 1.9853451494700469 -17.26204527717902]</P>
	    <P Name="TranslationROffset">0</P>
	    <P Name="TranslationROffsetUnits">m</P>
	    <P Name="TranslationZOffset">0</P>
	    <P Name="TranslationZOffsetUnits">m</P>
	    <P Name="TranslationThetaOffset">0</P>
	    <P Name="TranslationThetaOffsetUnits">deg</P>
	    <P Name="RotationMethod">ArbitraryAxis</P>
	    <P Name="RotationAngleUnits">rad</P>
	    <P Name="RotationStandardAxis">+Z</P>
	    <P Name="RotationAngle">0.15898421558762174</P>
	    <P Name="RotationArbitraryAxis">[0 1 0]</P>
	    <P Name="FollAlignAxisA">+X</P>
	    <P Name="BaseAlignAxisA">+Y</P>
	    <P Name="FollAlignAxisB">+Y</P>
	    <P Name="BaseAlignAxisB">+Z</P>
	    <P Name="BlockFunction">simmechanics.library.frames_transforms.rigid_transform</P>
	  </Block>
	  <Block BlockType="SubSystem" Name="motor_1_RIGID" SID="25">
	    <P Name="Ports">[0, 0, 0, 0, 0, 1]</P>
	    <P Name="Position">[315, 130, 355, 170]</P>
	    <P Name="ZOrder">6</P>
	    <P Name="RequestExecContextInheritance">off</P>
	    <Object PropName="MaskObject" ObjectID="29" ClassName="Simulink.Mask">
	    </Object>
	    <System>
	      <P Name="Location">[100, 100, 600, 900]</P>
	      <P Name="Open">off</P>
	      <P Name="ModelBrowserWidth">200</P>
	      <P Name="TiledPaperMargins">[0.500000, 0.500000, 0.500000, 0.500000]</P>
	      <P Name="TiledPageScale">1</P>
	      <P Name="ZoomFactor">100</P>
	      <Block BlockType="Reference" Name="ReferenceFrame" SID="28">
		<P Name="Ports">[0, 0, 0, 0, 0, 0, 1]</P>
		<P Name="Position">[30, 30, 70, 70]</P>
		<P Name="ZOrder">2</P>
		<P Name="LibraryVersion">1</P>
		<P Name="SourceBlock">sm_lib/Frames and
Transforms/Reference
Frame</P>
		<P Name="SourceType">Reference
Frame</P>
		<P Name="ClassName">ReferenceFrame</P>
		<P Name="BlockFunction">simmechanics.library.frames_transforms.reference_frame</P>
	      </Block>
	      <Block BlockType="Reference" Name="Solid" SID="29">
		<P Name="Ports">[0, 0, 0, 0, 0, 0, 1]</P>
		<P Name="Position">[30, 130, 70, 170]</P>
		<P Name="ZOrder">4</P>
		<P Name="LibraryVersion">1</P>
		<P Name="SourceBlock">sm_lib/Body Elements/Solid</P>
		<P Name="SourceType">Solid</P>
		<P Name="ClassName">Solid</P>
		<P Name="InertiaType">Custom</P>
		<P Name="Mass">0.00017694748850472953</P>
		<P Name="MassUnits">kg</P>
		<P Name="CenterOfMass">[2.0519939917483558 -4.78936560649369 -1.3592697121886639]</P>
		<P Name="CenterOfMassUnits">mm</P>
		<P Name="MomentsOfInertia">[0.0019517207297950578 0.00057245810188220035 0.0019517207297950578]</P>
		<P Name="MomentsOfInertiaUnits">kg*mm^2</P>
		<P Name="ProductsOfInertia">[0 0 0]</P>
		<P Name="ProductsOfInertiaUnits">kg*mm^2</P>
		<P Name="DensityBased">on</P>
		<P Name="Density">1000</P>
		<P Name="DensityUnits">kg/(m^3)</P>
		<P Name="GraphicType">FromGeometry</P>
		<P Name="MarkerShape">Sphere</P>
		<P Name="MarkerSize">10</P>
		<P Name="MarkerSizeUnits">m</P>
		<P Name="GraphicVisPropType">SimpleVisualProperties</P>
		<P Name="GraphicDiffuseColor">[0.792156862745098 0.81960784313725488 0.93333333333333335]</P>
		<P Name="GraphicSpecularColor">[0.5 0.5 0.5 1.0]</P>
		<P Name="GraphicAmbientColor">[0.15 0.15 0.15 1.0]</P>
		<P Name="GraphicEmissiveColor">[0.0 0.0 0.0 1.0]</P>
		<P Name="GraphicShininess">75</P>
		<P Name="GraphicOpacity">1</P>
		<P Name="GeometryShape">FromFile</P>
		<P Name="RectangleSize">[1 1]</P>
		<P Name="RectangleSizeUnits">m</P>
		<P Name="BrickDimensions">[1 1 1]</P>
		<P Name="BrickDimensionUnits">m</P>
		<P Name="CylinderRadius">1</P>
		<P Name="CylinderRadiusUnits">m</P>
		<P Name="CylinderLength">1</P>
		<P Name="CylinderLengthUnits">m</P>
		<P Name="SphereRadius">1</P>
		<P Name="SphereRadiusUnits">m</P>
		<P Name="EllipsoidRadii">[1 1 1]</P>
		<P Name="EllipsoidRadiiUnits">m</P>
		<P Name="ExtrusionCrossSection">[1 1; -1 1; -1 -1; 1 -1]</P>
		<P Name="ExtrusionCrossSectionUnits">m</P>
		<P Name="ExtrusionLength">1</P>
		<P Name="ExtrusionLengthUnits">m</P>
		<P Name="PolygonNumSides">3</P>
		<P Name="PolygonOuterRadius">1</P>
		<P Name="PolygonOuterRadiusUnits">m</P>
		<P Name="ExtGeomFileType">STL</P>
		<P Name="ExtGeomFileName">motor_Default_sldprt.STL</P>
		<P Name="ExtGeomFileUnits">mm</P>
		<P Name="RevolutionCrossSection">[1 1; 1 -1; 2 -1; 2 1]</P>
		<P Name="RevolutionCrossSectionUnits">m</P>
		<P Name="RevolutionExtent">Full</P>
		<P Name="RevolutionAngle">180</P>
		<P Name="RevolutionAngleUnits">deg</P>
		<P Name="BlockFunction">simmechanics.library.body_elements.solid</P>
	      </Block>
	      <Block BlockType="PMIOPort" Name="F" SID="30">
		<P Name="Position">[130, 40, 150, 60]</P>
		<P Name="ZOrder">5</P>
		<P Name="BlockMirror">on</P>
		<P Name="Port">1</P>
		<P Name="Side">Left</P>
	      </Block>
	      <Line LineType="Connection">
		<P Name="ZOrder">1</P>
		<P Name="Points">[85, 50; 10, 0; 0, 100; -10, 0]</P>
		<P Name="Dst">29#rconn:1</P>
		<Branch ConnectType="SRC_DEST">
		  <P Name="Src">28#rconn:1</P>
		  <P Name="Points">[0, 0]</P>
		</Branch>
		<Branch ConnectType="SRC_SRC">
		  <P Name="Dst">30#rconn:1</P>
		</Branch>
	      </Line>
	    </System>
	  </Block>
	  <Block BlockType="SubSystem" Name="propeller_1_RIGID" SID="26">
	    <P Name="Ports">[0, 0, 0, 0, 0, 1]</P>
	    <P Name="Position">[315, 30, 355, 70]</P>
	    <P Name="ZOrder">7</P>
	    <P Name="RequestExecContextInheritance">off</P>
	    <Object PropName="MaskObject" ObjectID="30" ClassName="Simulink.Mask">
	    </Object>
	    <System>
	      <P Name="Location">[100, 100, 600, 900]</P>
	      <P Name="Open">off</P>
	      <P Name="ModelBrowserWidth">200</P>
	      <P Name="TiledPaperMargins">[0.500000, 0.500000, 0.500000, 0.500000]</P>
	      <P Name="TiledPageScale">1</P>
	      <P Name="ZoomFactor">100</P>
	      <Block BlockType="Reference" Name="ReferenceFrame" SID="31">
		<P Name="Ports">[0, 0, 0, 0, 0, 0, 1]</P>
		<P Name="Position">[30, 30, 70, 70]</P>
		<P Name="ZOrder">2</P>
		<P Name="LibraryVersion">1</P>
		<P Name="SourceBlock">sm_lib/Frames and
Transforms/Reference
Frame</P>
		<P Name="SourceType">Reference
Frame</P>
		<P Name="ClassName">ReferenceFrame</P>
		<P Name="BlockFunction">simmechanics.library.frames_transforms.reference_frame</P>
	      </Block>
	      <Block BlockType="Reference" Name="Solid" SID="32">
		<P Name="Ports">[0, 0, 0, 0, 0, 0, 1]</P>
		<P Name="Position">[30, 130, 70, 170]</P>
		<P Name="ZOrder">4</P>
		<P Name="LibraryVersion">1</P>
		<P Name="SourceBlock">sm_lib/Body Elements/Solid</P>
		<P Name="SourceType">Solid</P>
		<P Name="ClassName">Solid</P>
		<P Name="InertiaType">Custom</P>
		<P Name="Mass">0.00028035000385289788</P>
		<P Name="MassUnits">kg</P>
		<P Name="CenterOfMass">[-0.0035618762727335101 9.1432771374980568 0.00023405239872030672]</P>
		<P Name="CenterOfMassUnits">mm</P>
		<P Name="MomentsOfInertia">[0.00034797264228317027 0.031021389938665593 0.030817215431535767]</P>
		<P Name="MomentsOfInertiaUnits">kg*mm^2</P>
		<P Name="ProductsOfInertia">[-1.0875228177046573e-09 0.00053388213421995585 1.9590407199150478e-08]</P>
		<P Name="ProductsOfInertiaUnits">kg*mm^2</P>
		<P Name="DensityBased">on</P>
		<P Name="Density">1000</P>
		<P Name="DensityUnits">kg/(m^3)</P>
		<P Name="GraphicType">FromGeometry</P>
		<P Name="MarkerShape">Sphere</P>
		<P Name="MarkerSize">10</P>
		<P Name="MarkerSizeUnits">m</P>
		<P Name="GraphicVisPropType">SimpleVisualProperties</P>
		<P Name="GraphicDiffuseColor">[0.8666666666666667 0.90980392156862744 1]</P>
		<P Name="GraphicSpecularColor">[0.5 0.5 0.5 1.0]</P>
		<P Name="GraphicAmbientColor">[0.15 0.15 0.15 1.0]</P>
		<P Name="GraphicEmissiveColor">[0.0 0.0 0.0 1.0]</P>
		<P Name="GraphicShininess">75</P>
		<P Name="GraphicOpacity">1</P>
		<P Name="GeometryShape">FromFile</P>
		<P Name="RectangleSize">[1 1]</P>
		<P Name="RectangleSizeUnits">m</P>
		<P Name="BrickDimensions">[1 1 1]</P>
		<P Name="BrickDimensionUnits">m</P>
		<P Name="CylinderRadius">1</P>
		<P Name="CylinderRadiusUnits">m</P>
		<P Name="CylinderLength">1</P>
		<P Name="CylinderLengthUnits">m</P>
		<P Name="SphereRadius">1</P>
		<P Name="SphereRadiusUnits">m</P>
		<P Name="EllipsoidRadii">[1 1 1]</P>
		<P Name="EllipsoidRadiiUnits">m</P>
		<P Name="ExtrusionCrossSection">[1 1; -1 1; -1 -1; 1 -1]</P>
		<P Name="ExtrusionCrossSectionUnits">m</P>
		<P Name="ExtrusionLength">1</P>
		<P Name="ExtrusionLengthUnits">m</P>
		<P Name="PolygonNumSides">3</P>
		<P Name="PolygonOuterRadius">1</P>
		<P Name="PolygonOuterRadiusUnits">m</P>
		<P Name="ExtGeomFileType">STL</P>
		<P Name="ExtGeomFileName">propeller_Default_sldprt.STL</P>
		<P Name="ExtGeomFileUnits">mm</P>
		<P Name="RevolutionCrossSection">[1 1; 1 -1; 2 -1; 2 1]</P>
		<P Name="RevolutionCrossSectionUnits">m</P>
		<P Name="RevolutionExtent">Full</P>
		<P Name="RevolutionAngle">180</P>
		<P Name="RevolutionAngleUnits">deg</P>
		<P Name="BlockFunction">simmechanics.library.body_elements.solid</P>
	      </Block>
	      <Block BlockType="PMIOPort" Name="F" SID="33">
		<P Name="Position">[130, 40, 150, 60]</P>
		<P Name="ZOrder">5</P>
		<P Name="BlockMirror">on</P>
		<P Name="Port">1</P>
		<P Name="Side">Left</P>
	      </Block>
	      <Line LineType="Connection">
		<P Name="ZOrder">1</P>
		<P Name="Points">[85, 50; 10, 0; 0, 100; -10, 0]</P>
		<P Name="Dst">32#rconn:1</P>
		<Branch ConnectType="SRC_DEST">
		  <P Name="Src">31#rconn:1</P>
		  <P Name="Points">[0, 0]</P>
		</Branch>
		<Branch ConnectType="SRC_SRC">
		  <P Name="Dst">33#rconn:1</P>
		</Branch>
	      </Line>
	    </System>
	  </Block>
	  <Block BlockType="PMIOPort" Name="F" SID="27">
	    <P Name="Position">[230, 240, 250, 260]</P>
	    <P Name="ZOrder">8</P>
	    <P Name="BlockMirror">on</P>
	    <P Name="Port">1</P>
	    <P Name="Side">Left</P>
	  </Block>
	  <Line LineType="Connection">
	    <P Name="ZOrder">1</P>
	    <P Name="Points">[85, 150; 15, 0; 0, 100; 15, 0]</P>
	    <P Name="Dst">22#lconn:1</P>
	    <Branch ConnectType="SRC_DEST">
	      <P Name="Src">21#rconn:1</P>
	      <P Name="Points">[0, 0]</P>
	    </Branch>
	    <Branch ConnectType="SRC_SRC">
	      <P Name="Dst">23#lconn:1</P>
	    </Branch>
	    <Branch ConnectType="SRC_SRC">
	      <P Name="Points">[15, 0; 0, -100]</P>
	      <P Name="Dst">24#lconn:1</P>
	    </Branch>
	  </Line>
	  <Line LineType="Connection">
	    <P Name="ZOrder">5</P>
	    <P Name="Src">22#rconn:1</P>
	    <P Name="Dst">27#rconn:1</P>
	  </Line>
	  <Line LineType="Connection">
	    <P Name="ZOrder">6</P>
	    <P Name="Src">23#rconn:1</P>
	    <P Name="Dst">25#lconn:1</P>
	  </Line>
	  <Line LineType="Connection">
	    <P Name="ZOrder">7</P>
	    <P Name="Src">24#rconn:1</P>
	    <P Name="Dst">26#lconn:1</P>
	  </Line>
	</System>
      </Block>
      <Line LineType="Connection">
	<P Name="ZOrder">1</P>
	<P Name="Points">[95, 150; 5, 0; 0, -50; 15, 0]</P>
	<P Name="Dst">3#lconn:1</P>
	<Branch ConnectType="SRC_DEST">
	  <P Name="Points">[85, 150; 10, 0]</P>
	  <Branch ConnectType="SRC_DEST">
	    <P Name="Src">1#rconn:1</P>
	    <P Name="Points">[0, 0]</P>
	  </Branch>
	  <Branch ConnectType="SRC_SRC">
	    <P Name="Points">[10, 0; 0, 70]</P>
	    <P Name="Dst">34#rconn:1</P>
	  </Branch>
	</Branch>
	<Branch ConnectType="SRC_SRC">
	  <P Name="Points">[0, -100]</P>
	  <P Name="Dst">4#rconn:1</P>
	</Branch>
      </Line>
      <Line LineType="Connection">
	<P Name="ZOrder">4</P>
	<P Name="Src">2#lconn:1</P>
	<P Name="Points">[-35, 0; 0, 5]</P>
	<P Name="Dst">5#rconn:1</P>
      </Line>
      <Line LineType="Connection">
	<P Name="ZOrder">5</P>
	<P Name="Src">2#rconn:1</P>
	<P Name="Points">[80, 0]</P>
	<P Name="Dst">6#lconn:1</P>
      </Line>
      <Line LineType="Connection">
	<P Name="ZOrder">6</P>
	<P Name="Src">3#rconn:1</P>
	<P Name="Dst">5#lconn:1</P>
      </Line>
      <Line LineType="Connection">
	<P Name="ZOrder">10</P>
	<P Name="Src">35#rconn:1</P>
	<P Name="Points">[15, 0; 0, -60]</P>
	<P Name="Dst">2#lconn:2</P>
      </Line>
    </System>
  </Model>
</ModelInformation>
